grafika-komputerowa-3d-kompendium-7-kursow-megapack.jpg,1/2/2/9/2/1/6/grafika-komputerowa-3d-kompendium-7-kursow-megapack.jpg
kurs-blender-animowany-model-na-podstawie-zdjecia.jpg,2/7/7/8/7/5/6/kurs-blender-animowany-model-na-podstawie-zdjecia.jpg
kurs-3ds-max-zaawansowane-techniki-modelowania-turbosmooth.jpg,1/7/9/5/2/0/2/kurs-3ds-max-zaawansowane-techniki-modelowania-turbosmooth.jpg
kurs-3ds-max-v-ray-jak-wymodelowac-i-wyrenderowac-fotel.jpg,1/7/1/3/7/6/4/kurs-3ds-max-v-ray-jak-wymodelowac-i-wyrenderowac-fotel.jpg
kurs-photoshop-w-grafice-3d.jpg,2/6/0/9/2/5/0/kurs-photoshop-w-grafice-3d.jpg
kurs-3ds-max-v-ray-modelowanie-i-renderowanie-sofy.jpg,1/7/2/0/3/6/0/kurs-3ds-max-v-ray-modelowanie-i-renderowanie-sofy.jpg
kurs-3ds-max.jpg,1/7/6/1/0/9/8/kurs-3ds-max.jpg
kurs-animowane-infografiki-w-after-effects.jpg,1/9/1/6/7/8/0/kurs-animowane-infografiki-w-after-effects.jpg
kurs-after-effects-the-best-of.jpg,1/9/4/5/6/3/4/kurs-after-effects-the-best-of.jpg
kurs-adobe-dimension.jpg,1/9/0/8/2/3/8/kurs-adobe-dimension.jpg
adobe-after-effects-od-podstaw.jpg,1/7/9/5/5/0/4/adobe-after-effects-od-podstaw.jpg
kurs-marvelous-designer-od-podstaw-symulacje-tkanin.jpg,1/8/0/1/3/8/4/kurs-marvelous-designer-od-podstaw-symulacje-tkanin.jpg
kurs-blender-wizualizacja-mieszkania.jpg,2/6/0/3/1/2/2/kurs-blender-wizualizacja-mieszkania.jpg
kurs-jak-stworzyc-explainer-video-reklamowy.jpg,2/6/0/1/7/3/6/kurs-jak-stworzyc-explainer-video-reklamowy.jpg
kurs-blender-fotorealistyczne-pojazdy.jpg,2/5/8/8/9/1/6/kurs-blender-fotorealistyczne-pojazdy.jpg
kurs-cinema-4d-oraz-vray-fundamenty.jpg,2/9/1/3/9/2/4/kurs-cinema-4d-oraz-vray-fundamenty.jpg
kurs-cinema-4d-grafika-izometryczna.jpg,2/5/8/7/2/3/6/kurs-cinema-4d-grafika-izometryczna.jpg
kurs-zbrush-kompendium.jpg,3/4/8/0/8/9/0/kurs-zbrush-kompendium.jpg
kurs-blender.jpg,1/9/4/1/8/3/4/kurs-blender.jpg
kurs-cinema-4d-animacja-i-motion-design.jpg,2/6/0/3/1/1/2/kurs-cinema-4d-animacja-i-motion-design.jpg
kurs-podstaw-rachunkowosci.jpg,2/7/1/8/8/2/8/kurs-podstaw-rachunkowosci.jpg
marketing-afiliacyjny-101-dla-poczatkujacych.jpg,3/6/4/6/7/8/7/marketing-afiliacyjny-101-dla-poczatkujacych.jpg
final-cut-pro-sprawna-i-szybka-edycja-wideo.jpg,2/6/0/2/1/2/2/final-cut-pro-sprawna-i-szybka-edycja-wideo.jpg
kurs-tworzenia-planow-i-wizualizacji-nieruchomosci.jpg,1/4/6/5/7/1/6/kurs-tworzenia-planow-i-wizualizacji-nieruchomosci.jpg
twinmotion-od-podstaw.jpg,3/3/8/5/0/3/0/twinmotion-od-podstaw.jpg
kurs-autodesk-inventor-2019-dla-poczatkujacych.jpg,2/6/4/1/2/0/6/kurs-autodesk-inventor-2019-dla-poczatkujacych.jpg
kurs-autodesk-fusion-360-dla-poczatkujacych.jpg,2/7/4/2/2/3/2/kurs-autodesk-fusion-360-dla-poczatkujacych.jpg
lumion-8-kurs-kompendium-pl.jpg,1/7/6/4/4/5/8/lumion-8-kurs-kompendium-pl.jpg
kurs-autocad.jpg,1/8/8/2/9/2/2/kurs-autocad.jpg
kurs-wizualizacja-mieszkania-w-sweet-home-3d.jpg,2/6/0/9/3/1/0/kurs-wizualizacja-mieszkania-w-sweet-home-3d.jpg
uzupelnienie-paznokci-metoda-zelowa.jpg,2/1/7/2/8/0/0/uzupelnienie-paznokci-metoda-zelowa.jpg
kreska-krok-po-kroku-poradnik-dla-wizazystow.jpg,3/4/5/0/2/3/0/kreska-krok-po-kroku-poradnik-dla-wizazystow.jpg
aplikacja-paznokci-lakierami-oraz-hybrydami.jpg,2/1/1/4/0/8/4/aplikacja-paznokci-lakierami-oraz-hybrydami.jpg
kurs-fryzjera-nauka-strzyzenia-meskiego-w-domu.jpg,3/1/1/9/8/7/8/kurs-fryzjera-nauka-strzyzenia-meskiego-w-domu.jpg
tapirowanie-wlosow.jpg,2/9/6/6/3/7/4/tapirowanie-wlosow.jpg
niskie-upiecie-boho.jpg,2/9/7/2/0/0/8/niskie-upiecie-boho.jpg
budowa-paznokci-salonowych-ksztatow-technika-jednolita.jpg,2/4/9/3/3/0/8/budowa-paznokci-salonowych-ksztatow-technika-jednolita.jpg
budowa-paznokci-metoda-akrylowa.jpg,2/2/1/6/8/1/2/budowa-paznokci-metoda-akrylowa.jpg
upiecie-z-elementami-zebrowania.jpg,2/9/3/2/5/9/0/upiecie-z-elementami-zebrowania.jpg
nail-art-ornamenty-1-stopnia.jpg,2/1/6/6/9/6/2/nail-art-ornamenty-1-stopnia.jpg
kucyk-z-kreconych-wosow.jpg,2/9/3/2/5/6/4/kucyk-z-kreconych-wosow.jpg
babyboomer-bez-tajemnic.jpg,2/4/4/7/7/6/6/babyboomer-bez-tajemnic.jpg
prawidowe-podkadanie-szablonow-by-viktoriia-klopotova.jpg,2/0/8/4/3/4/6/prawidowe-podkadanie-szablonow-by-viktoriia-klopotova.jpg
profesjonalny_manicure_by_viktoriia_klopotova.jpg,2/0/5/4/1/0/7/profesjonalny_manicure_by_viktoriia_klopotova.jpg
upiecie-w-stylu-glamour.jpg,2/8/8/0/7/9/6/upiecie-w-stylu-glamour.jpg
budowa-paznokci-metoda-zelowa.jpg,2/1/3/9/3/8/6/budowa-paznokci-metoda-zelowa.jpg
nail-art-farbki-akwarelowe-1-stopnia.jpg,2/2/0/8/8/6/2/nail-art-farbki-akwarelowe-1-stopnia.jpg
youtube-marketing-od-podstaw-do-eksperta.jpg,2/1/8/1/8/0/6/youtube-marketing-od-podstaw-do-eksperta.jpg
power-bi-microsoft.jpg,2/1/4/5/4/0/0/power-bi-microsoft.jpg
analiza-danych.jpg,1/3/4/3/3/0/0/analiza-danych.jpg
kurs-access-video.jpg,1/6/9/5/4/1/4/kurs-access-video.jpg
tableau-10-pl.jpg,1/3/9/3/2/7/0/tableau-10-pl.jpg
prawo-dla-freelancerow.jpg,1/9/2/3/2/1/4/prawo-dla-freelancerow.jpg
apkademia-szkolenie.jpg,3/0/2/8/6/1/2/apkademia-szkolenie.jpg
edukacjadorosych-uk1.jpg,1/0/7/9/6/1/6/edukacjadorosych-uk1.jpg
dunski-od-podstaw.jpg,3/0/0/6/1/4/4/dunski-od-podstaw.jpg
kurs-prezentacja-z-flipchartem.jpg,1/4/7/9/3/1/4/kurs-prezentacja-z-flipchartem.jpg
odpornosc-psychiczna.jpg,2/6/9/9/7/6/4/odpornosc-psychiczna.jpg
rozmowa-o-prace-po-angielsku-10-bledow.jpg,3/4/2/7/4/4/4/rozmowa-o-prace-po-angielsku-10-bledow.jpg
mine-street.jpg,2/7/9/8/2/6/6/mine-street.jpg
jak-napisac-idealny-list-motywacyjny.jpg,2/0/5/4/9/2/3/jak-napisac-idealny-list-motywacyjny.jpg
budowa-paznokci-w-ksztacie-pipe-metoda-zelowa.jpg,2/3/6/7/4/5/2/budowa-paznokci-w-ksztacie-pipe-metoda-zelowa.jpg
kurs-model-ida-czyli-jak-wygrywac-rozmowy-o-prace.jpg,3/5/8/7/8/7/0/kurs-model-ida-czyli-jak-wygrywac-rozmowy-o-prace.jpg
retusz-photoshop-komercyjna-fotografia-lifestyle-bikini.jpg,1/8/9/3/3/2/8/retusz-photoshop-komercyjna-fotografia-lifestyle-bikini.jpg
jak-zarabiac-na-ujeciach-z-powietrza.jpg,2/5/0/5/3/6/4/jak-zarabiac-na-ujeciach-z-powietrza.jpg
profesjonalne-gradowanie-w-photoshop.jpg,1/3/9/7/5/7/8/profesjonalne-gradowanie-w-photoshop.jpg
marketing-online-dla-branzy-fotovideo.jpg,2/3/9/9/7/0/0/marketing-online-dla-branzy-fotovideo.jpg
kurs-tworzenia-wirtualnych-spacerow-i-rzutow-nieruchomosci.jpg,3/6/4/6/4/5/3/kurs-tworzenia-wirtualnych-spacerow-i-rzutow-nieruchomosci.jpg
abc_networkingu.jpg,2/5/3/5/6/1/6/abc_networkingu.jpg
networking-w-trakcie-kryzysu.jpg,3/0/4/1/3/7/6/networking-w-trakcie-kryzysu.jpg
profesjonalna-obsuga-klienta-dla-pracownika-i-pracodawcy.jpg,2/6/6/0/1/9/6/profesjonalna-obsuga-klienta-dla-pracownika-i-pracodawcy.jpg
mowa-ciala-w-wystapieniach.jpg,2/8/7/9/0/3/0/mowa-ciala-w-wystapieniach.jpg
kurs-wystapien-publicznych.jpg,3/6/0/0/0/0/6/kurs-wystapien-publicznych.jpg
modelowanie-procesow-biznesowych-bpmn-20-od-podstaw.jpg,1/2/5/9/2/7/4/modelowanie-procesow-biznesowych-bpmn-20-od-podstaw.jpg
zarzadzanie-konfliktem.jpg,2/8/3/9/7/9/4/zarzadzanie-konfliktem.jpg
mistrzowskie-wystapienia-publiczne-i-prezentacje.jpg,2/0/7/7/0/0/8/mistrzowskie-wystapienia-publiczne-i-prezentacje.jpg
sztuka-skadania-slajdow.jpg,1/9/4/2/4/5/0/sztuka-skadania-slajdow.jpg
informacjazwrotna.jpg,3/0/1/0/9/9/8/informacjazwrotna.jpg
jak-pokonac-treme-na-10-sposobow.jpg,2/0/0/4/1/2/2/jak-pokonac-treme-na-10-sposobow.jpg
15-sekretow-wystapien-publicznych.jpg,2/0/1/0/5/5/8/15-sekretow-wystapien-publicznych.jpg
podstawy-zapisu-scenariuszowego.jpg,3/4/5/7/6/2/4/podstawy-zapisu-scenariuszowego.jpg
medytacja.jpg,2/4/8/1/3/6/2/medytacja.jpg
moj-pierwszy-podcast.jpg,3/1/7/5/1/9/2/moj-pierwszy-podcast.jpg
kurs-praktyczny-malarstwo-akryle-oleje-akwarela.jpg,3/4/0/2/9/8/6/kurs-praktyczny-malarstwo-akryle-oleje-akwarela.jpg
kurs-prostego-rysowania.jpg,2/9/2/0/7/0/6/kurs-prostego-rysowania.jpg
atwy-i-szybki-montaz-wideo-w-imovie.jpg,2/5/6/1/6/7/8/atwy-i-szybki-montaz-wideo-w-imovie.jpg
kryptowaluty-jak-zaczac.jpg,1/6/3/4/9/0/4/kryptowaluty-jak-zaczac.jpg
wsparciebysylwia.jpg,2/0/3/7/0/0/6/wsparciebysylwia.jpg
swing-dance-for-everybody-lindy-hop.jpg,2/0/2/3/6/1/6/swing-dance-for-everybody-lindy-hop.jpg
hip-hop-master-class.jpg,3/0/9/6/8/7/2/hip-hop-master-class.jpg
bachata-men-styling.jpg,2/8/6/0/1/4/0/bachata-men-styling.jpg
hip-hop-dla-poczatkujacych.jpg,3/0/1/9/6/6/2/hip-hop-dla-poczatkujacych.jpg
break-dance-dla-poczatkujacych.jpg,2/9/5/6/7/8/2/break-dance-dla-poczatkujacych.jpg
uczenie-maszynowe-python.jpg,2/4/7/2/8/9/8/uczenie-maszynowe-python.jpg
artificial-intelligence-computer-vision.jpg,2/6/7/2/4/8/4/artificial-intelligence-computer-vision.jpg
data-science-jezyk-r-dla-poczatkujacych.jpg,2/4/3/5/9/7/8/data-science-jezyk-r-dla-poczatkujacych.jpg
wystartuj-z-data-science-w-pythonie.jpg,1/5/1/2/9/4/0/wystartuj-z-data-science-w-pythonie.jpg
machine-learning-bootcamp-w-jezyku-python-ii.jpg,2/7/1/0/4/0/2/machine-learning-bootcamp-w-jezyku-python-ii.jpg
machine-learning-bootcamp-w-jezyku-python.jpg,2/6/9/7/5/7/0/machine-learning-bootcamp-w-jezyku-python.jpg
data-science-bootcamp-python.jpg,2/6/9/0/1/9/2/data-science-bootcamp-python.jpg
deep-learning-w-jezyku-python.jpg,2/4/5/3/0/4/2/deep-learning-w-jezyku-python.jpg
wprowadzenie-tensorflow-keras.jpg,2/6/4/4/3/4/0/wprowadzenie-tensorflow-keras.jpg
cwiczenia-jezyk-python-data-science-pandas.jpg,3/5/1/1/6/7/4/cwiczenia-jezyk-python-data-science-pandas.jpg
python-data-science-numpy-cwiczenia.jpg,3/5/1/1/6/6/8/python-data-science-numpy-cwiczenia.jpg
machine-learning-w-pythonie-101.jpg,2/6/5/8/3/3/0/machine-learning-w-pythonie-101.jpg
uczenie-maszynowe-od-podstaw-z-azure-machine-learning-studio.jpg,1/5/8/8/8/2/8/uczenie-maszynowe-od-podstaw-z-azure-machine-learning-studio.jpg
machine-learning-bootcamp-w-jezyku-python-cwiczenia.jpg,3/3/0/5/8/3/4/machine-learning-bootcamp-w-jezyku-python-cwiczenia.jpg
andrzej-smigielski-mssql-server-solidne-podstawy.jpg,2/3/2/7/7/4/6/andrzej-smigielski-mssql-server-solidne-podstawy.jpg
praktyczne-podstawy-administracji-postgresql.jpg,3/3/5/5/7/8/6/praktyczne-podstawy-administracji-postgresql.jpg
kurs-entity-framework-core.jpg,3/2/4/4/0/3/4/kurs-entity-framework-core.jpg
andrzej-smigielski-mssql-server-zaawansowane-techniki.jpg,2/3/9/8/2/5/6/andrzej-smigielski-mssql-server-zaawansowane-techniki.jpg
tworzenie-zapytan-w-jezyku-sql-z-uzyciem-sql-server-praktyczny-kurs.jpg,3/0/8/8/0/5/6/tworzenie-zapytan-w-jezyku-sql-z-uzyciem-sql-server-praktyczny-kurs.jpg
sql-server-modyfikacja-danych-transakcje-oblsuga-bledow.jpg,1/4/7/1/5/3/8/sql-server-modyfikacja-danych-transakcje-oblsuga-bledow.jpg
andrzej-smigielski-mssql-server-konkretne-rozwiazania.jpg,2/3/5/9/8/4/2/andrzej-smigielski-mssql-server-konkretne-rozwiazania.jpg
oracle-sql-vp.jpg,2/2/5/6/9/1/6/oracle-sql-vp.jpg
big-data-bigquery.jpg,2/6/1/4/5/5/2/big-data-bigquery.jpg
mysql-tworzenie-i-zarzadzanie-bazami-danych.jpg,3/2/0/7/7/3/9/mysql-tworzenie-i-zarzadzanie-bazami-danych.jpg
sql-server-reporting-services-01-tworzenie-raportow-w-ssrs.jpg,1/2/3/5/5/8/0/sql-server-reporting-services-01-tworzenie-raportow-w-ssrs.jpg
praktyczna-administracja-oracle-database.jpg,3/5/2/1/3/5/4/praktyczna-administracja-oracle-database.jpg
kurs-autocad-2020-dla-poczatkujacych.jpg,2/7/1/3/6/3/2/kurs-autocad-2020-dla-poczatkujacych.jpg
affinity-designer-tutorial-opinie-trial-cena.jpg,3/1/7/7/6/3/4/affinity-designer-tutorial-opinie-trial-cena.jpg
kurs-fusion-360-konstrukcje-stalowe-poziom-ii.jpg,3/0/2/1/1/6/0/kurs-fusion-360-konstrukcje-stalowe-poziom-ii.jpg
kurs-archicad-roof-maker-tworzenie-wiezby-dachowej.jpg,1/8/0/1/6/9/2/kurs-archicad-roof-maker-tworzenie-wiezby-dachowej.jpg
qcad-cad-2d-dla-poczatkujacych.jpg,3/0/0/0/4/5/0/qcad-cad-2d-dla-poczatkujacych.jpg
illustrator-poradnik-kurs-gradient-logo-tutorial.jpg,1/3/2/1/9/3/4/illustrator-poradnik-kurs-gradient-logo-tutorial.jpg
retusz-produktu-w-photoshopie.jpg,3/6/5/1/6/4/4/retusz-produktu-w-photoshopie.jpg
photoshop-cc-warstwy-maski-i-tryby-mieszania.jpg,2/6/0/9/2/9/8/photoshop-cc-warstwy-maski-i-tryby-mieszania.jpg
photoshop-cc-cs6-tutorial-pl-podstawy-po-polsku.jpg,1/4/9/9/7/0/0/photoshop-cc-cs6-tutorial-pl-podstawy-po-polsku.jpg
retuszbeauty.jpg,9/4/3/0/3/0/retuszbeauty.jpg
zwcad-kurs-podstawowy-rysuj-w-cadzie.jpg,3/6/0/0/0/5/6/zwcad-kurs-podstawowy-rysuj-w-cadzie.jpg
catiav5-zaawansowane-modelowanie-powierzchniowe.jpg,2/1/9/9/8/3/6/catiav5-zaawansowane-modelowanie-powierzchniowe.jpg
kurs-git-szybki-start.jpg,2/8/6/0/5/4/4/kurs-git-szybki-start.jpg
git-od-podstaw-dla-kazdego.jpg,1/6/9/5/4/5/8/git-od-podstaw-dla-kazdego.jpg
docker-w-praktyce.jpg,2/1/7/0/6/3/0/docker-w-praktyce.jpg
regex-wyrazenia-regularne-od-a-do-z.jpg,1/4/8/4/0/4/0/regex-wyrazenia-regularne-od-a-do-z.jpg
docker-i-docker-compose-praktycznie-dla-programistow.jpg,2/7/5/1/3/7/0/docker-i-docker-compose-praktycznie-dla-programistow.jpg
kurs-digital-ocean-wstep-do-chmury.jpg,3/5/3/9/3/0/8/kurs-digital-ocean-wstep-do-chmury.jpg
kurs-git.jpg,1/9/0/8/7/0/6/kurs-git.jpg
git-i-github.jpg,3/0/6/5/5/9/2/git-i-github.jpg
opanuj-npm.jpg,2/9/8/8/1/1/6/opanuj-npm.jpg
angular-5-programowanie.jpg,1/6/6/5/4/9/6/angular-5-programowanie.jpg
docker-w-praktyce-poziom-2-vp.jpg,2/3/0/7/9/9/4/docker-w-praktyce-poziom-2-vp.jpg
docker-od-podstaw-dla-programistow-i-nie-tylko.jpg,2/0/6/5/4/3/7/docker-od-podstaw-dla-programistow-i-nie-tylko.jpg
google-ads-adwords-podstawy.jpg,1/9/6/8/2/5/6/google-ads-adwords-podstawy.jpg
kurs-linkedin-ads-reklama-od-podstaw.jpg,3/2/8/1/0/2/4/kurs-linkedin-ads-reklama-od-podstaw.jpg
kurs-google-ads-dla-zielonych.jpg,3/1/6/3/1/0/8/kurs-google-ads-dla-zielonych.jpg
instagram-sukces-w-social-media.jpg,1/9/1/9/4/9/4/instagram-sukces-w-social-media.jpg
podstawy-marketingu-internetowego.jpg,1/6/0/4/1/6/6/podstawy-marketingu-internetowego.jpg
kurs-twitter-marketing-i-reklama-ads.jpg,3/1/8/8/6/1/8/kurs-twitter-marketing-i-reklama-ads.jpg
jak-zbudowaem-firme-ktora-zarobia-1-mln-z-w-po-roku.jpg,2/7/9/6/1/0/8/jak-zbudowaem-firme-ktora-zarobia-1-mln-z-w-po-roku.jpg
google-ads-krok-po-kroku.jpg,3/4/6/3/4/7/0/google-ads-krok-po-kroku.jpg
mailchimp-od-podstaw-email-marketing.jpg,3/6/0/3/7/3/0/mailchimp-od-podstaw-email-marketing.jpg
kurs-google-maps-moja-firma.jpg,2/1/5/4/8/3/0/kurs-google-maps-moja-firma.jpg
kurs-google-ads-poziom-ii.jpg,3/4/9/8/4/7/8/kurs-google-ads-poziom-ii.jpg
facebook-ads-strona-firmowa-nowy-business-manager-2020.jpg,3/5/9/1/2/2/2/facebook-ads-strona-firmowa-nowy-business-manager-2020.jpg
nowe-google-ads-2020-tworz-kampanie-w-google-ads.jpg,3/5/3/9/0/1/2/nowe-google-ads-2020-tworz-kampanie-w-google-ads.jpg
google-ads-marketing.jpg,1/7/3/1/0/0/2/google-ads-marketing.jpg
kurs-google-ads-poziom-srednio-zaawansowany.jpg,3/6/4/5/4/7/8/kurs-google-ads-poziom-srednio-zaawansowany.jpg
kurs-lightroom-classic-cc.jpg,1/9/1/7/2/1/6/kurs-lightroom-classic-cc.jpg
kurs-fotografii.jpg,1/9/1/2/4/6/4/kurs-fotografii.jpg
kurs-fotografia-studyjna.jpg,1/9/1/0/1/7/8/kurs-fotografia-studyjna.jpg
kurs-photoshop-podstawy-retuszu.jpg,2/6/0/9/1/8/6/kurs-photoshop-podstawy-retuszu.jpg
kurs-photoshop-wasny-styl-obrobki-zdjec.jpg,2/5/9/7/0/7/8/kurs-photoshop-wasny-styl-obrobki-zdjec.jpg
kurs-photoshop-obrobka-fotografia-produktowa.jpg,2/5/9/6/9/3/4/kurs-photoshop-obrobka-fotografia-produktowa.jpg
photoshop-cs6-esencja.jpg,1/3/4/5/0/6/4/photoshop-cs6-esencja.jpg
kurs-photoshop-obrobka-zdjec-fotografia-nocna.jpg,2/5/9/7/0/6/6/kurs-photoshop-obrobka-zdjec-fotografia-nocna.jpg
kurs-photoshop-manipulacja-swiatem.jpg,2/5/9/8/4/1/6/kurs-photoshop-manipulacja-swiatem.jpg
kurs-photoshop-obrobka-fotografia-motoryzacyjna.jpg,2/5/9/7/1/0/0/kurs-photoshop-obrobka-fotografia-motoryzacyjna.jpg
affinity-photo-podstawy-obrobki-zdjec.jpg,2/4/4/4/8/0/2/affinity-photo-podstawy-obrobki-zdjec.jpg
photoshop-efekty-kolorystyczne-dla-fotografa.jpg,2/6/3/6/5/5/8/photoshop-efekty-kolorystyczne-dla-fotografa.jpg
kurs-capture-one.jpg,1/9/0/8/6/5/6/kurs-capture-one.jpg
kurs-fotografii-podrozniczej.jpg,1/9/1/0/1/2/8/kurs-fotografii-podrozniczej.jpg
kurs-lightroom-classic-2020-podstawy.jpg,3/3/2/2/2/6/0/kurs-lightroom-classic-2020-podstawy.jpg
obrobka-zdjec-adobe-camera-raw.jpg,1/5/7/7/6/2/2/obrobka-zdjec-adobe-camera-raw.jpg
kurs-affinity-photo.jpg,1/8/7/2/5/6/8/kurs-affinity-photo.jpg
kurs-obsugi-aparatu.jpg,1/9/1/0/2/9/8/kurs-obsugi-aparatu.jpg
kurs-capture-one-10-zarzadzanie-i-edycja-raw.jpg,2/5/9/8/5/5/4/kurs-capture-one-10-zarzadzanie-i-edycja-raw.jpg
kurs-photoshop-szparowanie-zaznaczanie-i-wycinanie.jpg,2/5/9/7/1/1/2/kurs-photoshop-szparowanie-zaznaczanie-i-wycinanie.jpg
private-labeling.jpg,2/3/0/3/2/3/2/private-labeling.jpg
zarabiaj-na-amazon-i-amazon-kindle-self-publishing.jpg,2/8/3/7/7/1/2/zarabiaj-na-amazon-i-amazon-kindle-self-publishing.jpg
rozpocznij-swoj-biznes-online-w-4-prostych-krokach.jpg,2/9/0/7/5/6/0/rozpocznij-swoj-biznes-online-w-4-prostych-krokach.jpg
kurs-dropshipping.jpg,3/4/3/1/9/5/8/kurs-dropshipping.jpg
zarabiaj-na-amazon.jpg,2/9/1/0/7/3/6/zarabiaj-na-amazon.jpg
jak-wydac-ksiazke-na-amazon-i-amazon-kindle.jpg,2/1/6/1/9/7/6/jak-wydac-ksiazke-na-amazon-i-amazon-kindle.jpg
woocommerce-stworz-sklep-internetowy-na-wordpressie.jpg,1/3/2/3/5/3/0/woocommerce-stworz-sklep-internetowy-na-wordpressie.jpg
jak-zarabiac-przez-internet.jpg,2/8/3/6/9/0/6/jak-zarabiac-przez-internet.jpg
business-autopilot.jpg,1/4/7/1/6/7/8/business-autopilot.jpg
sekret-ludzi-bogatych-zdrowa-relacja-z-pieniadzem.jpg,2/8/4/6/4/8/0/sekret-ludzi-bogatych-zdrowa-relacja-z-pieniadzem.jpg
najlepsze-triki-na-obnizenie-kosztow-zycia.jpg,2/8/0/9/7/7/7/najlepsze-triki-na-obnizenie-kosztow-zycia.jpg
prosty-budzet-domowy-na-poczatek.jpg,2/7/7/6/6/6/2/prosty-budzet-domowy-na-poczatek.jpg
jak-przygotowac-budzet-maej-firmy.jpg,2/8/0/6/1/6/7/jak-przygotowac-budzet-maej-firmy.jpg
finanse-od-podstaw-dla-kazdego.jpg,2/5/7/9/5/9/2/finanse-od-podstaw-dla-kazdego.jpg
finanse-osobiste-krok-po-kroku-od-zera-do-milionera.jpg,1/9/1/9/5/4/8/finanse-osobiste-krok-po-kroku-od-zera-do-milionera.jpg
kryptowalutybysylwia.jpg,2/3/0/4/2/8/2/kryptowalutybysylwia.jpg
microsoft-power-bi-kurs-podstawowy.jpg,3/0/8/4/5/7/0/microsoft-power-bi-kurs-podstawowy.jpg
nordic-walking.jpg,1/6/9/4/3/0/4/nordic-walking.jpg
cwiczenia-twarzy-face-fitness-wymodeluj-swoja-twarz.jpg,2/8/8/6/5/6/2/cwiczenia-twarzy-face-fitness-wymodeluj-swoja-twarz.jpg
power-walking.jpg,1/6/4/0/1/8/2/power-walking.jpg
biznes-trenera-personalnego-krok-po-kroku.jpg,2/7/0/0/7/4/2/biznes-trenera-personalnego-krok-po-kroku.jpg
dwuboj-olimpijski-clean-and-jerk-i-snatch.jpg,3/4/8/2/5/8/2/dwuboj-olimpijski-clean-and-jerk-i-snatch.jpg
running-znaczy-bieganie.jpg,1/5/9/9/0/3/4/running-znaczy-bieganie.jpg
gry-unity-i-facebook.jpg,1/6/1/1/0/0/0/gry-unity-i-facebook.jpg
stworz-wasna-gre-mutiplayer-w-unity.jpg,2/9/7/3/5/8/4/stworz-wasna-gre-mutiplayer-w-unity.jpg
unity-rozwiazania-ktore-przydadza-sie-kazdej-grze.jpg,3/0/0/0/7/5/2/unity-rozwiazania-ktore-przydadza-sie-kazdej-grze.jpg
unity-2019-wyscigi-2d-rozbudowa-gry.jpg,3/1/4/2/4/7/8/unity-2019-wyscigi-2d-rozbudowa-gry.jpg
unity-2019-wyscigi-2d.jpg,3/1/1/7/9/1/0/unity-2019-wyscigi-2d.jpg
unity-gra2d.jpg,1/3/8/0/8/6/4/unity-gra2d.jpg
pikademia-unity-1.jpg,3/3/5/2/9/4/4/pikademia-unity-1.jpg
unity-tworzenie-gry-2d-i-publikacja-w-google-play.jpg,1/5/2/7/1/9/0/unity-tworzenie-gry-2d-i-publikacja-w-google-play.jpg
profesjonalny-system-sterowania-postacia-w-unity.jpg,1/8/6/9/0/9/4/profesjonalny-system-sterowania-postacia-w-unity.jpg
game-design-megapack-tworzenie-gier-komputerowych-od-podstaw.jpg,1/2/4/0/1/0/4/game-design-megapack-tworzenie-gier-komputerowych-od-podstaw.jpg
unity-kurs-tworzenia-gier.jpg,2/8/5/5/4/1/4/unity-kurs-tworzenia-gier.jpg
unity-dla-dzieci.jpg,1/6/4/2/7/9/6/unity-dla-dzieci.jpg
unity-sztuczki-przyspieszajace-prace-w-edytorze.jpg,1/5/8/1/6/7/0/unity-sztuczki-przyspieszajace-prace-w-edytorze.jpg
unity-gra3d-zaawansowany.jpg,1/4/1/4/7/3/4/unity-gra3d-zaawansowany.jpg
programowanie-dla-dzieci.jpg,2/7/8/7/6/0/0/programowanie-dla-dzieci.jpg
kurs-unity-podstawy-tworzenia-gier.jpg,2/5/8/5/4/3/2/kurs-unity-podstawy-tworzenia-gier.jpg
unity-3d-podstawy-5-przykadowych-gier.jpg,1/5/5/1/3/7/8/unity-3d-podstawy-5-przykadowych-gier.jpg
kurs-unreal-engine-4-gry-od-podstaw.jpg,2/6/6/6/0/3/4/kurs-unreal-engine-4-gry-od-podstaw.jpg
unity-gamedev.jpg,3/1/3/0/9/1/0/unity-gamedev.jpg
unity-gra2d-zaawansowana.jpg,1/5/1/2/4/0/6/unity-gra2d-zaawansowana.jpg
stworz-gre-w-python.jpg,2/6/2/6/2/2/6/stworz-gre-w-python.jpg
unity-dla-dzieci-poziom-pierwszy.jpg,1/6/5/3/7/1/8/unity-dla-dzieci-poziom-pierwszy.jpg
naucz-sie-nowoczesnego-javascript-budujac-gry.jpg,3/4/1/5/8/0/2/naucz-sie-nowoczesnego-javascript-budujac-gry.jpg
kurs-tworzenie-gier-w-unity.jpg,1/9/1/2/6/2/6/kurs-tworzenie-gier-w-unity.jpg
unity-publikacja-gry-w-appstore-i-windows-store.jpg,1/5/4/1/3/4/2/unity-publikacja-gry-w-appstore-i-windows-store.jpg
gimnastyka-slowianska-krynica-kobiecosci-izabela-maciuszek.jpg,1/8/6/0/3/2/2/gimnastyka-slowianska-krynica-kobiecosci-izabela-maciuszek.jpg
masaz-kostoprawa-stopien-i-masaz-domowy.jpg,1/8/0/9/8/6/2/masaz-kostoprawa-stopien-i-masaz-domowy.jpg
uzdrawianie-przez-brzuch-i-pepek.jpg,2/3/4/5/8/6/2/uzdrawianie-przez-brzuch-i-pepek.jpg
zapanuj-nad-stresem.jpg,2/2/5/1/0/3/2/zapanuj-nad-stresem.jpg
jak-pozbyc-sie-bolu-plecow-w-pracy-biurowej.jpg,3/2/9/0/9/8/8/jak-pozbyc-sie-bolu-plecow-w-pracy-biurowej.jpg
karmienie-piersia-dobry-start.jpg,2/9/0/1/6/6/2/karmienie-piersia-dobry-start.jpg
poczta-gmail-dla-zabieganych.jpg,2/4/9/5/4/5/8/poczta-gmail-dla-zabieganych.jpg
formularze-google-ankiety-gosowania-testy-quizy.jpg,1/6/6/1/7/9/8/formularze-google-ankiety-gosowania-testy-quizy.jpg
kurs-google-dokumenty-arkusze-formularze.jpg,3/5/7/2/9/8/3/kurs-google-dokumenty-arkusze-formularze.jpg
kurs-affinity-designer-dla-zielonych.jpg,2/5/8/8/9/0/6/kurs-affinity-designer-dla-zielonych.jpg
kurs-projektowanie-graficzne-nadruk-na-tekstyliach.jpg,1/9/1/2/5/7/8/kurs-projektowanie-graficzne-nadruk-na-tekstyliach.jpg
kurs-projektowanie-graficzne-od-podstaw.jpg,1/9/2/4/6/5/0/kurs-projektowanie-graficzne-od-podstaw.jpg
kurs-grafika-wektorowa-szybki-start.jpg,1/5/4/6/0/5/2/kurs-grafika-wektorowa-szybki-start.jpg
kurs-rysunku.jpg,1/9/1/2/5/5/0/kurs-rysunku.jpg
kurs-photoshop-szybki-start.jpg,1/5/4/3/2/0/6/kurs-photoshop-szybki-start.jpg
kurs-typograficzne-wyzwania.jpg,1/9/0/6/6/6/6/kurs-typograficzne-wyzwania.jpg
photoshop-dla-kazdego-dla-kazdego.jpg,2/7/4/6/3/7/0/photoshop-dla-kazdego-dla-kazdego.jpg
photoshop-dla-grafika-zaawansowany.jpg,1/9/5/0/9/9/0/photoshop-dla-grafika-zaawansowany.jpg
kurs-autocad-podstawy.jpg,1/9/3/7/3/2/8/kurs-autocad-podstawy.jpg
kurs-photoshop-masterclass-magia-kreacji.jpg,1/9/4/5/7/0/2/kurs-photoshop-masterclass-magia-kreacji.jpg
kurs-jak-projektowac-infografiki.jpg,2/5/9/1/0/5/6/kurs-jak-projektowac-infografiki.jpg
canva-poznaj-darmowy-program-do-tworzenia-grafik-i-smigaj.jpg,3/3/8/8/9/4/2/canva-poznaj-darmowy-program-do-tworzenia-grafik-i-smigaj.jpg
kurs-affinity-designer-podstawy.jpg,1/9/1/6/7/5/8/kurs-affinity-designer-podstawy.jpg
kurs-inkscape-poziom-srednio-zaawansowany.jpg,3/6/4/8/0/7/8/kurs-inkscape-poziom-srednio-zaawansowany.jpg
kurs-autocad-techniki-zaawansowane.jpg,1/9/3/1/5/2/4/kurs-autocad-techniki-zaawansowane.jpg
kurs-adobe-indesign-techniki-zaawansowane.jpg,1/9/2/9/5/3/0/kurs-adobe-indesign-techniki-zaawansowane.jpg
gimp-210.jpg,2/8/8/5/8/2/0/gimp-210.jpg
kurs-projektowanie-dla-ios.jpg,1/9/2/4/6/9/8/kurs-projektowanie-dla-ios.jpg
kurs-corel-draw-techniki-zaawansowane.jpg,1/9/4/2/1/1/0/kurs-corel-draw-techniki-zaawansowane.jpg
6-krokow-w-6-dni-ide-do-mamy-dobra-relacja-z-mama.jpg,3/4/3/3/4/4/0/6-krokow-w-6-dni-ide-do-mamy-dobra-relacja-z-mama.jpg
radykalne-szczescie.jpg,2/8/0/4/4/8/9/radykalne-szczescie.jpg
pozbadz-sie-swoich-ograniczen-na-drodze-do-sukcesu.jpg,3/1/7/5/3/7/8/pozbadz-sie-swoich-ograniczen-na-drodze-do-sukcesu.jpg
darmowy-7-dniowy-kurs-wdziecznosci.jpg,3/4/1/9/4/3/6/darmowy-7-dniowy-kurs-wdziecznosci.jpg
jak-znalezc-radosc-w-zyciu-nawet-nie-szukajac-sens-zycia.jpg,3/0/6/8/9/8/2/jak-znalezc-radosc-w-zyciu-nawet-nie-szukajac-sens-zycia.jpg
scada-simatic-wincc-v7-podstawa.jpg,3/1/5/5/1/4/2/scada-simatic-wincc-v7-podstawa.jpg
kurs-plc-simatic-siemens-s7-1200-od-podstaw.jpg,1/4/7/9/0/1/8/kurs-plc-simatic-siemens-s7-1200-od-podstaw.jpg
podstawy-drukowania-3d.jpg,1/5/2/8/5/1/0/podstawy-drukowania-3d.jpg
szkolenie-siemens-simatic-s7-300-step7.jpg,1/2/0/2/7/1/8/szkolenie-siemens-simatic-s7-300-step7.jpg
jak-zbudowac-zespol.jpg,1/7/7/7/6/3/2/jak-zbudowac-zespol.jpg
uwazny-lider.jpg,2/4/9/8/4/1/6/uwazny-lider.jpg
mindfulness-jako-biznesowa-kompetencja-przyszlosci.jpg,2/4/9/6/6/7/4/mindfulness-jako-biznesowa-kompetencja-przyszlosci.jpg
rekrutacja-od-strony-managera.jpg,2/5/9/0/9/0/0/rekrutacja-od-strony-managera.jpg
team-motivation-5-sposobow-na-motywowanie-zespolu.jpg,1/2/6/1/0/7/8/team-motivation-5-sposobow-na-motywowanie-zespolu.jpg
kwadrans-dla-terapii.jpg,3/4/7/2/6/3/8/kwadrans-dla-terapii.jpg
presentationaly.jpg,2/6/4/6/3/8/2/presentationaly.jpg
gitara-dla-poczatkujacych.jpg,2/6/7/6/5/2/4/gitara-dla-poczatkujacych.jpg
nauka-gry-na-perkusji.jpg,3/0/2/3/5/3/8/nauka-gry-na-perkusji.jpg
kurs-gry-na-gitarze-od-podstaw.jpg,1/8/9/9/9/9/6/kurs-gry-na-gitarze-od-podstaw.jpg
pianino-dla-poczatkujacych-naucz-sie-grac-na-pianinie.jpg,3/6/6/3/2/3/0/pianino-dla-poczatkujacych-naucz-sie-grac-na-pianinie.jpg
3ds-max-corona-wizualizacja-kuchni.jpg,1/5/5/1/3/7/0/3ds-max-corona-wizualizacja-kuchni.jpg
kurs-projektowania-wnetrz.jpg,3/6/2/9/4/1/2/kurs-projektowania-wnetrz.jpg
01apartment.jpg,2/6/6/6/9/0/2/01apartment.jpg
inwestycyjne-abc.jpg,3/3/9/1/7/1/2/inwestycyjne-abc.jpg
price-action.jpg,3/3/5/6/9/2/6/price-action.jpg
zawod-inwestor-giedowy.jpg,2/4/4/2/3/3/8/zawod-inwestor-giedowy.jpg
inwestycje-dywidendowe.jpg,2/8/0/9/0/9/1/inwestycje-dywidendowe.jpg
psychologia-inwestora.jpg,2/1/4/5/6/0/4/psychologia-inwestora.jpg
szkolenie-inwestycyjne-start.jpg,1/9/6/7/4/9/4/szkolenie-inwestycyjne-start.jpg
warsztat-tradingowy-trading-forex-futures.jpg,2/1/8/9/0/1/4/warsztat-tradingowy-trading-forex-futures.jpg
kontrakty-terminowe-fw20.jpg,2/2/7/7/6/5/7/kontrakty-terminowe-fw20.jpg
warsztat-tradera-forex-futures-wyznaczanie-trendu.jpg,2/2/3/0/9/4/2/warsztat-tradera-forex-futures-wyznaczanie-trendu.jpg
ccna-po-polsku-kurs-sieci-komputerowych-cisco.jpg,1/3/3/4/9/4/6/ccna-po-polsku-kurs-sieci-komputerowych-cisco.jpg
przygotowanie-psm-pspo-csm-testy-egzaminacyjne.jpg,3/2/4/3/6/9/2/przygotowanie-psm-pspo-csm-testy-egzaminacyjne.jpg
administrator-azure-storage.jpg,3/4/8/1/0/1/2/administrator-azure-storage.jpg
sql-server-zapytania-querying-exam-70-461.jpg,7/3/7/3/1/8/sql-server-zapytania-querying-exam-70-461.jpg
ccent-po-polsku-kurs-sieci-komputerowych-egzamin-100-105.jpg,1/9/3/2/7/6/4/ccent-po-polsku-kurs-sieci-komputerowych-egzamin-100-105.jpg
wprowadzenie-do-sql-instalacja-i-narzedzi-egzamin-70-461_1.jpg,7/1/4/4/7/6/wprowadzenie-do-sql-instalacja-i-narzedzi-egzamin-70-461_1.jpg
ccna-praktyczny-poradnik-inzyniera-sieci-cisco.jpg,1/5/8/9/7/8/8/ccna-praktyczny-poradnik-inzyniera-sieci-cisco.jpg
azure-egzamin-az-900.jpg,2/9/7/6/0/8/2/azure-egzamin-az-900.jpg
c-od-podstaw-dla-poczatkujacych-developerow-net.jpg,3/4/9/9/7/2/4/c-od-podstaw-dla-poczatkujacych-developerow-net.jpg
angielski-dla-specjalistow-it.jpg,1/2/9/7/9/5/2/angielski-dla-specjalistow-it.jpg
english-for-nursing.jpg,1/6/4/9/9/5/6/english-for-nursing.jpg
angielski-w-biegu-upper-intermediate.jpg,3/4/1/4/0/5/4/angielski-w-biegu-upper-intermediate.jpg
niemiecki-dla-specjalistow-it-vp.jpg,2/2/3/9/6/5/6/niemiecki-dla-specjalistow-it-vp.jpg
dogaduj-sie-po-angielsku.jpg,2/8/1/2/3/2/9/dogaduj-sie-po-angielsku.jpg
dogaduj-sie-po-niemiecku.jpg,3/5/3/4/0/5/8/dogaduj-sie-po-niemiecku.jpg
dogaduj-sie-po-francusku.jpg,3/5/3/2/8/1/8/dogaduj-sie-po-francusku.jpg
angielski-w-biegu-b1.jpg,2/2/7/3/1/6/6/angielski-w-biegu-b1.jpg
dogaduj-sie-po-wlosku.jpg,2/3/5/6/3/0/4/dogaduj-sie-po-wlosku.jpg
niemiecki-dla-specjalistow-it.jpg,1/7/5/7/9/2/8/niemiecki-dla-specjalistow-it.jpg
angielski-dla-specjalistow-it-level-up.jpg,1/5/5/2/4/3/4/angielski-dla-specjalistow-it-level-up.jpg
dogaduj-sie-po-hiszpansku.jpg,3/5/9/0/1/4/0/dogaduj-sie-po-hiszpansku.jpg
angielski-w-biegu-advanced.jpg,3/4/1/4/5/1/6/angielski-w-biegu-advanced.jpg
angielski-w-meloniku-czasowniki-frazowe.jpg,3/5/2/3/5/3/4/angielski-w-meloniku-czasowniki-frazowe.jpg
jezykchinski.jpg,2/0/0/5/1/4/2/jezykchinski.jpg
aguacate-intensywny-a1.jpg,2/3/7/3/6/8/8/aguacate-intensywny-a1.jpg
angielski-dla-recepcjonistow.jpg,2/6/5/0/8/4/2/angielski-dla-recepcjonistow.jpg
lessonup.jpg,2/8/8/1/8/2/0/lessonup.jpg
angielski-od-podstaw-do-komunikacji.jpg,3/3/6/6/4/3/0/angielski-od-podstaw-do-komunikacji.jpg
angielski-w-biznesie.jpg,2/0/6/9/2/1/5/angielski-w-biznesie.jpg
prezentacje-i-wystapienia-publiczne.jpg,1/9/9/5/3/7/6/prezentacje-i-wystapienia-publiczne.jpg
gry-statusowe-w-praktyce.jpg,2/6/1/2/0/4/4/gry-statusowe-w-praktyce.jpg
skuteczny-szef.jpg,3/1/9/5/7/6/8/skuteczny-szef.jpg
first-time-manager.jpg,2/9/0/3/3/6/2/first-time-manager.jpg
agile-i-scrum-od-podstaw.jpg,3/0/8/7/6/5/8/agile-i-scrum-od-podstaw.jpg
skuteczne-zarzadzanie-firma-dzieki-zwinnosci-biznesowej.jpg,3/0/3/3/3/1/8/skuteczne-zarzadzanie-firma-dzieki-zwinnosci-biznesowej.jpg
kurs-google-data-studio-od-podstaw.jpg,3/5/3/9/1/2/8/kurs-google-data-studio-od-podstaw.jpg
kurs-google-analytics-2020-podstawy-analytiki-internetowej.jpg,2/8/0/9/9/6/1/kurs-google-analytics-2020-podstawy-analytiki-internetowej.jpg
analityka-internetowa.jpg,1/7/3/0/9/9/4/analityka-internetowa.jpg
kurs-google-tag-manager.jpg,3/4/0/0/3/3/2/kurs-google-tag-manager.jpg
kurs-google-analytics.jpg,1/9/0/6/5/1/4/kurs-google-analytics.jpg
jak-prowadzic-sklep-online-fundamenty-e-commerce.jpg,2/4/4/4/6/4/0/jak-prowadzic-sklep-online-fundamenty-e-commerce.jpg
copywriting-dla-poczatkujacych.jpg,3/6/4/8/4/5/4/copywriting-dla-poczatkujacych.jpg
jak-stworzyc-marke.jpg,1/8/0/6/0/7/6/jak-stworzyc-marke.jpg
kurs-freelancer.jpg,3/6/0/7/3/1/8/kurs-freelancer.jpg
copywriting-jak-zostac-copywriterem-i-zarabiac-na-pisaniu.jpg,2/3/8/8/4/3/8/copywriting-jak-zostac-copywriterem-i-zarabiac-na-pisaniu.jpg
egzamin-8-klasisty-z-matematyki.jpg,2/4/2/5/7/9/2/egzamin-8-klasisty-z-matematyki.jpg
matematyka-dla-inzynierow-ciagi-i-granice.jpg,2/5/7/9/7/7/8/matematyka-dla-inzynierow-ciagi-i-granice.jpg
przygotowanie-do-matury-z-matematyki-2020.jpg,2/9/7/8/3/0/8/przygotowanie-do-matury-z-matematyki-2020.jpg
matematyka-potegi-i-pierwiastki-szkola-srednia.jpg,3/0/6/1/3/1/8/matematyka-potegi-i-pierwiastki-szkola-srednia.jpg
matematyka-dla-inzynierow-czesc-2-granice-funkcji.jpg,3/6/1/4/9/3/0/matematyka-dla-inzynierow-czesc-2-granice-funkcji.jpg
korepetycje-z-matematyki-klasa-7.jpg,2/2/1/9/4/0/2/korepetycje-z-matematyki-klasa-7.jpg
maturazmatmy.jpg,3/3/9/3/6/2/4/maturazmatmy.jpg
maturazmatematykinapoziomiepodstawowym.jpg,2/6/6/8/6/5/4/maturazmatematykinapoziomiepodstawowym.jpg
korepetycje-z-matematyki-klasa-8.jpg,2/1/9/6/5/2/6/korepetycje-z-matematyki-klasa-8.jpg
kurs-powtorzeniowy-do-egzaminu-osmoklasisty-matematykazip.jpg,3/1/5/4/3/0/6/kurs-powtorzeniowy-do-egzaminu-osmoklasisty-matematykazip.jpg
kurs-matematyki-do-matury-podstawowej.jpg,3/1/0/2/2/2/4/kurs-matematyki-do-matury-podstawowej.jpg
matematyka-dla-kazdego-logika-zbiory-i-algebra.jpg,1/5/4/7/3/5/2/matematyka-dla-kazdego-logika-zbiory-i-algebra.jpg
kurs-matematyka-dla-informatyka-relacje-i-diagramy-hassego.jpg,2/5/6/5/7/1/4/kurs-matematyka-dla-informatyka-relacje-i-diagramy-hassego.jpg
procenty-logarytmy-i-prawdopodobienstwo-kurs-maturalny.jpg,3/6/6/4/0/7/4/procenty-logarytmy-i-prawdopodobienstwo-kurs-maturalny.jpg
kurs-matematyka-dyskretna-lekcja-pierwsza-zbiory.jpg,2/4/8/1/8/3/8/kurs-matematyka-dyskretna-lekcja-pierwsza-zbiory.jpg
przyspieszony-kurs-maturalny-z-matematyki.jpg,2/3/2/6/4/8/8/przyspieszony-kurs-maturalny-z-matematyki.jpg
korepetycje-z-matematyki-klasa-4.jpg,1/9/5/8/4/5/8/korepetycje-z-matematyki-klasa-4.jpg
korepetycje-z-matematyki-klasa-6.jpg,2/2/1/4/3/3/2/korepetycje-z-matematyki-klasa-6.jpg
korepetycje-z-matematyki-klasa-5.jpg,2/2/0/0/8/9/0/korepetycje-z-matematyki-klasa-5.jpg
matura-matematyka-trygonometria-poziom-podstawowy.jpg,2/1/9/1/9/0/2/matura-matematyka-trygonometria-poziom-podstawowy.jpg
jak-wykorzystac-smartfon-do-produkcji-filmow-edukacyjnych.jpg,2/3/4/8/8/9/6/jak-wykorzystac-smartfon-do-produkcji-filmow-edukacyjnych.jpg
boty-na-facebooku-po-polsku-i-prosto-jak-tworzyc-boty.jpg,1/7/3/6/5/9/4/boty-na-facebooku-po-polsku-i-prosto-jak-tworzyc-boty.jpg
prosta-medytacja.jpg,2/4/4/1/8/1/0/prosta-medytacja.jpg
moonheart-meditation-program.jpg,2/5/3/9/6/3/6/moonheart-meditation-program.jpg
kurs-jezyka-hiszpanskiego-cz1.jpg,2/8/1/4/0/4/9/kurs-jezyka-hiszpanskiego-cz1.jpg
cwiczenia-szybkiego-czytania.jpg,3/2/9/7/8/2/0/cwiczenia-szybkiego-czytania.jpg
mind-mapping-z-komputerem.jpg,3/4/0/7/9/9/0/mind-mapping-z-komputerem.jpg
skuteczna-nauka.jpg,2/6/0/7/8/5/4/skuteczna-nauka.jpg
kurs-jezyka-hiszpanskiego-cz-2.jpg,3/6/4/6/8/6/1/kurs-jezyka-hiszpanskiego-cz-2.jpg
excel-2013-od-podstaw-od-zera-do-bohatera-w-2-godziny.jpg,1/3/5/6/1/9/2/excel-2013-od-podstaw-od-zera-do-bohatera-w-2-godziny.jpg
mistrz-excela.jpg,2/1/3/1/8/2/4/mistrz-excela.jpg
praktyczny-kurs-excela-365-od-podstaw.jpg,3/4/9/6/9/0/0/praktyczny-kurs-excela-365-od-podstaw.jpg
ms-excel-praktyczne-funkcje-i-proste-tabele-przestawne.jpg,3/6/2/9/9/2/6/ms-excel-praktyczne-funkcje-i-proste-tabele-przestawne.jpg
excel-i-visual-basic-automatyzacja-pracy-z-excelem.jpg,1/5/0/5/5/7/6/excel-i-visual-basic-automatyzacja-pracy-z-excelem.jpg
opanuj-excela-krok-po-kroku.jpg,2/4/5/0/4/4/4/opanuj-excela-krok-po-kroku.jpg
szablony-w-powerpoint-kompletny-kurs.jpg,1/2/2/8/9/4/0/szablony-w-powerpoint-kompletny-kurs.jpg
excel-dashboardy.jpg,2/1/6/2/1/6/4/excel-dashboardy.jpg
kurs-produktywnosc-i-onenote.jpg,1/9/4/1/8/3/8/kurs-produktywnosc-i-onenote.jpg
kurs-excel-2013-formuly-i-funkcje.jpg,1/3/5/6/8/8/0/kurs-excel-2013-formuly-i-funkcje.jpg
kurs-microsoft-project-2016-od-podstaw-do-eksperta.jpg,2/7/9/8/0/5/6/kurs-microsoft-project-2016-od-podstaw-do-eksperta.jpg
praktyczny-kurs-excel-2016.jpg,1/9/3/1/7/6/2/praktyczny-kurs-excel-2016.jpg
excel-w-biurze-i-w-domu.jpg,1/7/2/2/7/0/8/excel-w-biurze-i-w-domu.jpg
kurs-microsoft-power-bi-od-podstaw-do-eksperta.jpg,3/1/4/9/2/6/2/kurs-microsoft-power-bi-od-podstaw-do-eksperta.jpg
kurs-microsoft-outlook-2016.jpg,1/5/5/4/2/5/6/kurs-microsoft-outlook-2016.jpg
kurs-microsoft-teams-od-podstaw-do-eksperta.jpg,2/9/7/8/1/0/8/kurs-microsoft-teams-od-podstaw-do-eksperta.jpg
kurs-excel-2016-wykresy.jpg,1/5/2/7/6/6/4/kurs-excel-2016-wykresy.jpg
kurs-microsoft-office-2019-od-podstaw-do-eksperta.jpg,3/1/1/3/8/8/2/kurs-microsoft-office-2019-od-podstaw-do-eksperta.jpg
kurs-microsoft-onenote-2019-od-podstaw-do-eksperta.jpg,2/7/9/4/1/0/8/kurs-microsoft-onenote-2019-od-podstaw-do-eksperta.jpg
kurs-windows-10-od-podstaw-do-eksperta.jpg,2/7/8/7/2/6/2/kurs-windows-10-od-podstaw-do-eksperta.jpg
react-pierwsze-kroki-vp.jpg,2/2/5/9/2/0/2/react-pierwsze-kroki-vp.jpg
kurs-tworzenie-aplikacji-android-techniki-pracy.jpg,1/9/2/2/8/5/2/kurs-tworzenie-aplikacji-android-techniki-pracy.jpg
room-w-android.jpg,3/6/4/8/1/7/0/room-w-android.jpg
kurs-kotlin-od-postaw-programowanie-na-androida.jpg,1/7/9/4/4/0/8/kurs-kotlin-od-postaw-programowanie-na-androida.jpg
rxjava-w-android.jpg,2/5/0/8/0/0/2/rxjava-w-android.jpg
swift-4-od-podstaw-tworzenie-gier-i-aplikacji-na-ios-11.jpg,1/2/8/7/7/2/2/swift-4-od-podstaw-tworzenie-gier-i-aplikacji-na-ios-11.jpg
kurs-programowanie-android-techniki-zaawansowane.jpg,1/9/1/6/7/7/2/kurs-programowanie-android-techniki-zaawansowane.jpg
android-techniki-efektywnej-pracy.jpg,2/4/3/0/9/5/8/android-techniki-efektywnej-pracy.jpg
android-od-komplentego-zera-do-zaangazowanego-developera.jpg,1/3/8/5/1/3/6/android-od-komplentego-zera-do-zaangazowanego-developera.jpg
kotlin-w-praktyce.jpg,2/8/6/0/1/0/4/kotlin-w-praktyce.jpg
kurs-android-od-podstaw-tworzenie-aplikacji.jpg,1/7/3/2/7/5/6/kurs-android-od-podstaw-tworzenie-aplikacji.jpg
retrofit-2-w-android.jpg,2/7/0/8/7/5/8/retrofit-2-w-android.jpg
podstawy-tworzenia-aplikacji-mobilnych-we-flutterze.jpg,3/3/9/7/4/2/8/podstawy-tworzenia-aplikacji-mobilnych-we-flutterze.jpg
dagger-w-android.jpg,2/5/1/0/4/8/8/dagger-w-android.jpg
xamarin-tworzenie-aplikacji-cross-platform-na-ios-i-android.jpg,1/4/2/4/3/2/4/xamarin-tworzenie-aplikacji-cross-platform-na-ios-i-android.jpg
podstawy-jezyka-swift.jpg,1/7/5/0/2/9/8/podstawy-jezyka-swift.jpg
kurs-android.jpg,1/6/6/1/5/9/6/kurs-android.jpg
tworzenie-gier-w-swift-4-spritekit-scenekit-i-arkit.jpg,1/3/4/4/2/1/8/tworzenie-gier-w-swift-4-spritekit-scenekit-i-arkit.jpg
unity-gra3d.jpg,1/3/8/8/8/6/2/unity-gra3d.jpg
naucz-sie-grac-na-pianinie-w-6-godzin.jpg,2/9/6/5/8/6/8/naucz-sie-grac-na-pianinie-w-6-godzin.jpg
adobe-audition-edycja-i-montaz-dzwieku.jpg,1/7/9/6/8/6/0/adobe-audition-edycja-i-montaz-dzwieku.jpg
kurs-fruity-loops-studio-dla-poczatkujacych.jpg,1/9/9/3/5/9/8/kurs-fruity-loops-studio-dla-poczatkujacych.jpg
zostan-administratorem-sieci-mikrotik-vp.jpg,2/6/1/9/3/6/0/zostan-administratorem-sieci-mikrotik-vp.jpg
ochrona-przed-wyciekiem-poufnych-danych-wprowdzanie-do-dlp.jpg,1/2/3/9/4/9/0/ochrona-przed-wyciekiem-poufnych-danych-wprowdzanie-do-dlp.jpg
ethical-hacking-i-bezpieczenstwo-sieci-dla-poczatkujacych.jpg,2/2/8/0/1/3/6/ethical-hacking-i-bezpieczenstwo-sieci-dla-poczatkujacych.jpg
kurs-bezpieczenstwo-aplikacji-webowych.jpg,1/9/0/6/6/3/6/kurs-bezpieczenstwo-aplikacji-webowych.jpg
hacking-jak-przechwytywac-i-monitorowac-dane-w-sieci.jpg,1/4/1/9/4/6/6/hacking-jak-przechwytywac-i-monitorowac-dane-w-sieci.jpg
zabbix-od-podstaw-monitoring-it.jpg,2/6/3/5/4/6/8/zabbix-od-podstaw-monitoring-it.jpg
keepass-zadbaj-o-bezpieczenstwo-w-sieci.jpg,1/8/7/7/6/6/6/keepass-zadbaj-o-bezpieczenstwo-w-sieci.jpg
administrowanie-sieciami-cisco.jpg,3/4/5/2/9/3/8/administrowanie-sieciami-cisco.jpg
network-attached-storage-nas-poradnik-dla-poczatkujacych.jpg,1/5/6/1/5/8/8/network-attached-storage-nas-poradnik-dla-poczatkujacych.jpg
bezpieczenstwo-sieci-cisco.jpg,1/5/5/1/3/2/6/bezpieczenstwo-sieci-cisco.jpg
administrowanie-sieciami-cisco-ii.jpg,3/5/3/2/2/2/2/administrowanie-sieciami-cisco-ii.jpg
kurs-administrowania-siecia-komputerowa-poziom-ccna.jpg,2/8/6/5/5/6/0/kurs-administrowania-siecia-komputerowa-poziom-ccna.jpg
vpn-po-polsku-bezpieczenstwo-twojej-sieci-oraz-anonimowosc.jpg,1/6/1/7/3/0/0/vpn-po-polsku-bezpieczenstwo-twojej-sieci-oraz-anonimowosc.jpg
veracrypt-zadbaj-o-bezpieczenstwo-swoich-danych.jpg,3/0/2/6/2/8/2/veracrypt-zadbaj-o-bezpieczenstwo-swoich-danych.jpg
sieci-komputerowe-kompletny-kurs-budowa-i-dziaanie-sieci.jpg,1/2/5/7/4/7/0/sieci-komputerowe-kompletny-kurs-budowa-i-dziaanie-sieci.jpg
atrakcyjna-lekcja-z-wordwall-kurs-dla-poczatkujacych.jpg,3/5/9/2/8/6/6/atrakcyjna-lekcja-z-wordwall-kurs-dla-poczatkujacych.jpg
kurs-zooma.jpg,3/0/1/5/8/4/4/kurs-zooma.jpg
jak-tworzyc-i-sprzedawac-kursy-online-na-udemy-unofficial.jpg,2/2/4/4/7/1/2/jak-tworzyc-i-sprzedawac-kursy-online-na-udemy-unofficial.jpg
jak-zarabiac-online-i-stworzyc-kurs-na-udemy-unofficial.jpg,3/2/1/6/1/6/9/jak-zarabiac-online-i-stworzyc-kurs-na-udemy-unofficial.jpg
genially-bez-tajemnic.jpg,3/1/3/8/1/7/0/genially-bez-tajemnic.jpg
jak-tworzyc-kurs-online.jpg,1/7/7/7/7/5/6/jak-tworzyc-kurs-online.jpg
minikurs-genially.jpg,3/6/8/3/4/5/0/minikurs-genially.jpg
kurs-online-na-udemy-kompletny-przewodnik-unofficial.jpg,2/0/7/5/3/7/4/kurs-online-na-udemy-kompletny-przewodnik-unofficial.jpg
strona-kursu-online.jpg,3/5/6/6/5/1/1/strona-kursu-online.jpg
kurs-linux-techniki-pracy.jpg,1/9/3/7/3/4/8/kurs-linux-techniki-pracy.jpg
windows-server-2012-70-410.jpg,1/6/2/7/9/4/2/windows-server-2012-70-410.jpg
administrator-linux-instalacja-i-konfiguracja.jpg,3/2/9/9/1/1/0/administrator-linux-instalacja-i-konfiguracja.jpg
windows-server-2016-praktyczny-przewodnik-i-konfiguracja.jpg,1/4/8/0/0/4/4/windows-server-2016-praktyczny-przewodnik-i-konfiguracja.jpg
windows-serwer-2012-r2-instalacja-i-konfiguracja-usug-ee.jpg,3/6/4/1/0/4/6/windows-serwer-2012-r2-instalacja-i-konfiguracja-usug-ee.jpg
administrator-windows-server-i-linux.jpg,1/7/2/9/3/9/6/administrator-windows-server-i-linux.jpg
administrowanie-windows-server-2012-70-411.jpg,1/6/8/3/5/8/2/administrowanie-windows-server-2012-70-411.jpg
kurs-linux-techniki-zaawansowane.jpg,1/9/2/4/7/5/8/kurs-linux-techniki-zaawansowane.jpg
windows-10-po-polsku-poradnik-administratora.jpg,2/3/9/1/8/6/0/windows-10-po-polsku-poradnik-administratora.jpg
bezpieczenstwo-w-systemie-ibm-aix-cwiczenia-w-ibm-cloud.jpg,3/6/2/4/1/2/2/bezpieczenstwo-w-systemie-ibm-aix-cwiczenia-w-ibm-cloud.jpg
powershell-dla-administratora-windows.jpg,4/8/2/9/7/2/powershell-dla-administratora-windows.jpg
kurs-linux-podstawy.jpg,1/9/4/1/8/4/6/kurs-linux-podstawy.jpg
linux101.jpg,1/9/2/3/9/3/4/linux101.jpg
jak-zalozyc-stowarzyszenie.jpg,1/5/6/5/7/5/4/jak-zalozyc-stowarzyszenie.jpg
budowa-paznokci-salonowych-ksztatow-zelem-technika-french.jpg,2/4/9/3/4/7/0/budowa-paznokci-salonowych-ksztatow-zelem-technika-french.jpg
podstawy-fusion-360-po-polsku.jpg,2/2/7/1/8/1/6/podstawy-fusion-360-po-polsku.jpg
kurs-rysunku-vp.jpg,2/0/9/7/3/1/4/kurs-rysunku-vp.jpg
oszukana-kaligrafia.jpg,2/4/6/9/4/6/0/oszukana-kaligrafia.jpg
jak-oszczedzac-pieniadze-i-zaczac-sie-bogacic.jpg,2/9/5/8/5/3/8/jak-oszczedzac-pieniadze-i-zaczac-sie-bogacic.jpg
jak-najtaniej-kupic-nieruchomosc.jpg,1/2/2/2/8/8/4/jak-najtaniej-kupic-nieruchomosc.jpg
cross-trening.jpg,2/9/7/0/8/3/8/cross-trening.jpg
photoshop-cc-2019-od-podstaw.jpg,2/4/8/3/5/2/0/photoshop-cc-2019-od-podstaw.jpg
kurs-sql.jpg,2/5/2/9/6/9/8/kurs-sql.jpg
serwer-sql-kompletny-kurs-o-backup-i-restore.jpg,3/6/7/1/6/4/0/serwer-sql-kompletny-kurs-o-backup-i-restore.jpg
praktyczny-kurs-solid.jpg,1/7/4/1/7/3/2/praktyczny-kurs-solid.jpg
unreal-engine-4-kurs-od-podstaw.jpg,3/1/9/4/0/3/4/unreal-engine-4-kurs-od-podstaw.jpg
migracja-do-microsoft-azure-kurs-praktyczny.jpg,2/0/0/3/4/9/6/migracja-do-microsoft-azure-kurs-praktyczny.jpg
tabele-przestawne-w-analizach-logistycznych.jpg,1/8/9/1/3/5/6/tabele-przestawne-w-analizach-logistycznych.jpg
bdo-kurs-praktyczny-mechanika-dzialania-platformy.jpg,3/0/8/0/3/3/0/bdo-kurs-praktyczny-mechanika-dzialania-platformy.jpg
totalny-kurs-wordpress.jpg,2/4/1/1/6/3/4/totalny-kurs-wordpress.jpg
serwer-sql-2019-administracja-serwerem-sql-czesc-1.jpg,3/6/7/2/2/7/0/serwer-sql-2019-administracja-serwerem-sql-czesc-1.jpg
wzorce-projektowe-w-javie.jpg,3/0/7/3/8/4/8/wzorce-projektowe-w-javie.jpg
mapowanie-historii-uzytkownika.jpg,2/9/3/6/2/0/0/mapowanie-historii-uzytkownika.jpg
ms-excel-w-biurze-od-a-do-z.jpg,1/8/6/3/4/4/2/ms-excel-w-biurze-od-a-do-z.jpg
planowanie-i-estymacje-w-projektach-zwinnych.jpg,3/0/5/7/4/6/0/planowanie-i-estymacje-w-projektach-zwinnych.jpg
python-programowanie-obiektowe.jpg,2/3/2/0/6/0/0/python-programowanie-obiektowe.jpg
aws-s3-iam-ec2-lambda-i-dynamodb-podstawy-aws-2020.jpg,2/7/9/5/3/0/0/aws-s3-iam-ec2-lambda-i-dynamodb-podstawy-aws-2020.jpg
microsoft-word-2010-o.jpg,2/3/9/8/0/7/4/microsoft-word-2010-o.jpg
spring-boot-app-in-60-minutes.jpg,2/8/7/1/0/9/0/spring-boot-app-in-60-minutes.jpg
mistrz-power-query.jpg,2/0/8/1/6/2/8/mistrz-power-query.jpg
selenium-webdriver-java.jpg,2/3/4/1/7/2/6/selenium-webdriver-java.jpg
usun-kamien-z-wody.jpg,2/8/4/5/4/7/4/usun-kamien-z-wody.jpg
3-filary-skutecznej-komunikacji-z-dzieckiem.jpg,2/7/8/4/3/4/8/3-filary-skutecznej-komunikacji-z-dzieckiem.jpg
wykad-z-teorii-techniki-jazdy-na-motocyklu-cz1.jpg,3/5/9/6/4/3/4/wykad-z-teorii-techniki-jazdy-na-motocyklu-cz1.jpg
kursmagii.jpg,2/9/5/2/6/2/2/kursmagii.jpg
gdzie-pozyskiwac-klientow-do-mlm-30-strategii-online.jpg,2/6/9/7/8/6/0/gdzie-pozyskiwac-klientow-do-mlm-30-strategii-online.jpg
spotkania-na-zoom.jpg,3/6/5/9/8/3/6/spotkania-na-zoom.jpg
kurs-src.jpg,2/6/7/5/1/0/6/kurs-src.jpg
daj-sobie-glos.jpg,2/2/9/4/0/6/9/daj-sobie-glos.jpg
slalom-wolny-cwiczenia-potrzebne-do-opanowania-zadania.jpg,3/5/9/6/4/0/6/slalom-wolny-cwiczenia-potrzebne-do-opanowania-zadania.jpg
jak-zorganizowac-bieg-charytatywny.jpg,2/0/5/0/0/8/7/jak-zorganizowac-bieg-charytatywny.jpg
sowo-o-mobbingu-czyli-twoja-wyprawa-na-mobbi-dicka.jpg,1/9/9/5/2/5/8/sowo-o-mobbingu-czyli-twoja-wyprawa-na-mobbi-dicka.jpg
slalom-szybki-a-pokonywanie-zakretow.jpg,3/5/9/6/4/2/8/slalom-szybki-a-pokonywanie-zakretow.jpg
sztuka-komunikacji.jpg,3/1/5/0/8/8/2/sztuka-komunikacji.jpg
nauka-jazdy-precyzyjnej-na-motocyklu.jpg,3/5/7/3/4/1/3/nauka-jazdy-precyzyjnej-na-motocyklu.jpg
handlettering-jak-robic-atrakcyjne-zdjecia-swoim-napisom.jpg,3/1/8/4/6/8/8/handlettering-jak-robic-atrakcyjne-zdjecia-swoim-napisom.jpg
procesowanie-i-retusz-w-photoshop-czarno-biale-zdjecia.jpg,1/4/5/2/3/6/2/procesowanie-i-retusz-w-photoshop-czarno-biale-zdjecia.jpg
re-konstrukcja-relacji-jak-budowac-i-naprawiac-relacje.jpg,3/3/5/8/9/1/2/re-konstrukcja-relacji-jak-budowac-i-naprawiac-relacje.jpg
agresja-rodzicow.jpg,2/4/6/2/3/9/4/agresja-rodzicow.jpg
kurshypnobirthing.jpg,2/2/3/4/9/2/4/kurshypnobirthing.jpg
oszczedzanie-dla-dzieci-mentoring.jpg,3/2/6/9/1/1/8/oszczedzanie-dla-dzieci-mentoring.jpg
lepszyglos.jpg,3/1/8/6/0/4/4/lepszyglos.jpg
pasja-wystapien-naucz-sie-mowic-pewnie.jpg,3/1/6/0/6/7/6/pasja-wystapien-naucz-sie-mowic-pewnie.jpg
pewnosc-siebie-przed-kamera.jpg,2/6/3/9/8/1/4/pewnosc-siebie-przed-kamera.jpg
zorganizuj-sie-jak-czowiek-sukcesu-zarzadzanie-czasem.jpg,3/0/4/8/2/7/2/zorganizuj-sie-jak-czowiek-sukcesu-zarzadzanie-czasem.jpg
massive-learning.jpg,2/8/0/2/0/4/9/massive-learning.jpg
znajdz-swoj-pewny-cel-planowanie-dla-poczatkujacych.jpg,3/0/2/5/5/5/6/znajdz-swoj-pewny-cel-planowanie-dla-poczatkujacych.jpg
wykonanie-konstrukcji-budynku-cztery-kursy-z-lektorem.jpg,2/3/5/2/2/6/0/wykonanie-konstrukcji-budynku-cztery-kursy-z-lektorem.jpg
szybki-kurs-zarzadzania-czasem.jpg,2/1/8/5/8/6/6/szybki-kurs-zarzadzania-czasem.jpg
motywacja-do-dzialania.jpg,2/8/9/9/3/0/0/motywacja-do-dzialania.jpg
kurs-wydajna-praca-freelancera.jpg,1/9/0/8/5/7/0/kurs-wydajna-praca-freelancera.jpg
kurs-efektywnej-pracy-zdalnej.jpg,2/8/9/9/0/0/4/kurs-efektywnej-pracy-zdalnej.jpg
buduj-zdrowe-nawyki.jpg,2/5/3/4/9/7/0/buduj-zdrowe-nawyki.jpg
