substance-painter-2-for-all-levels.jpg,1/5/4/4/2/9/2/substance-painter-2-for-all-levels.jpg
after-effects-cc-cs6-motion-graphics-vfx-animation.jpg,1/4/9/1/6/5/0/after-effects-cc-cs6-motion-graphics-vfx-animation.jpg
aftereffectstextanimationmotiongraphics.jpg,1/5/1/3/5/0/8/aftereffectstextanimationmotiongraphics.jpg
create-awesome-volumetric-spheres-in-blender.jpg,1/5/3/5/7/0/2/create-awesome-volumetric-spheres-in-blender.jpg
modeling-the-high-quality-melee-weapon-for-game-production.jpg,1/7/0/8/1/3/4/modeling-the-high-quality-melee-weapon-for-game-production.jpg
learn-how-to-create-vfx-smoke-monster.jpg,1/5/0/2/0/8/8/learn-how-to-create-vfx-smoke-monster.jpg
sculptingfor3dprinting.jpg,1/5/6/3/6/6/6/sculptingfor3dprinting.jpg
master-adobe-edge-animate-cc-edge-animate-made-easy.jpg,1/9/1/7/9/4/master-adobe-edge-animate-cc-edge-animate-made-easy.jpg
facial-rigging-for-beginners-in-3ds-max-2018.jpg,1/6/9/8/5/3/0/facial-rigging-for-beginners-in-3ds-max-2018.jpg
intro_to_locomotion.jpg,5/0/4/1/8/intro_to_locomotion.jpg
ultimate-guide-to-drawing-from-your-imagination-step-by-step.jpg,1/1/6/6/9/9/0/ultimate-guide-to-drawing-from-your-imagination-step-by-step.jpg
blender-vfx.jpg,1/2/1/9/4/4/0/blender-vfx.jpg
lowerthirds.jpg,4/2/4/8/2/lowerthirds.jpg
create-a-traditional-japanese-scene-in-modo.jpg,1/6/5/3/8/3/4/create-a-traditional-japanese-scene-in-modo.jpg
sketchup-2018-essentials-training.jpg,1/5/1/4/0/8/2/sketchup-2018-essentials-training.jpg
3dmodellingunityc.jpg,1/4/0/0/7/9/0/3dmodellingunityc.jpg
learn-after-effects-cs6-from-scratch-to-professional.jpg,1/6/0/4/0/4/6/learn-after-effects-cs6-from-scratch-to-professional.jpg
blender3dsoftbodysimulation.jpg,1/5/1/7/6/0/4/blender3dsoftbodysimulation.jpg
make-a-toy-robot-in-zbrush-4r8.jpg,1/5/0/3/3/2/2/make-a-toy-robot-in-zbrush-4r8.jpg
blenderparticlesystemcourse.jpg,1/3/4/2/5/8/6/blenderparticlesystemcourse.jpg
financial-accounting-for-beginners.jpg,9/4/1/5/2/0/financial-accounting-for-beginners.jpg
applying-the-standards-for-internal-auditors-part-3.jpg,1/3/1/5/9/7/0/applying-the-standards-for-internal-auditors-part-3.jpg
minimum-quickbooks-last-minuet-bookkeeping-just-for-taxes.jpg,9/4/3/5/2/8/minimum-quickbooks-last-minuet-bookkeeping-just-for-taxes.jpg
how-to-read-a-profit-loss-account-and-balance-sheet.jpg,3/0/2/4/6/8/how-to-read-a-profit-loss-account-and-balance-sheet.jpg
online-bookkeeping-with-practice-and-job-recommendation.jpg,1/0/7/3/4/3/0/online-bookkeeping-with-practice-and-job-recommendation.jpg
financial-accounting-excelcomprehensive-accounting-course.jpg,1/4/5/8/3/0/0/financial-accounting-excelcomprehensive-accounting-course.jpg
finance-and-accounting-for-beginners.jpg,5/7/7/2/5/6/finance-and-accounting-for-beginners.jpg
fasb-asc-topic-470-debt.jpg,1/3/2/8/2/8/4/fasb-asc-topic-470-debt.jpg
sage-accpac-for-auditors.jpg,1/6/6/3/5/2/6/sage-accpac-for-auditors.jpg
cash-bank-reconciliations-cash-internal-controls.jpg,1/6/3/5/6/6/0/cash-bank-reconciliations-cash-internal-controls.jpg
small-business-and-managerial-accounting-training-tutorial.jpg,5/9/7/2/5/small-business-and-managerial-accounting-training-tutorial.jpg
financial-accounting-adjusting-entries-financial-statement.jpg,1/5/6/4/9/1/0/financial-accounting-adjusting-entries-financial-statement.jpg
crash-course-on-financial-management.jpg,4/7/1/4/4/0/crash-course-on-financial-management.jpg
learn-how-to-read-financial-statements.jpg,3/0/6/3/6/0/learn-how-to-read-financial-statements.jpg
introduction-to-bookkeeping-and-accounting.jpg,5/7/6/9/4/6/introduction-to-bookkeeping-and-accounting.jpg
introduction-to-cost-accounting.jpg,1/3/3/5/4/2/2/introduction-to-cost-accounting.jpg
basic-excel-for-basic-bookkeeping.jpg,5/9/6/5/9/8/basic-excel-for-basic-bookkeeping.jpg
branch-accounts-a-complete-analysis.jpg,8/6/6/5/8/4/branch-accounts-a-complete-analysis.jpg
accounting-for-everyone.jpg,2/9/8/0/4/4/accounting-for-everyone.jpg
basics-of-auditing.jpg,4/2/1/0/5/4/basics-of-auditing.jpg
video-marketing-facebook-video-ads-mastery.jpg,1/2/8/9/2/1/6/video-marketing-facebook-video-ads-mastery.jpg
mailchimp2.jpg,2/6/0/3/8/8/mailchimp2.jpg
manychat-chatbot-build-a-fb-chatbot-messenger-marketing.jpg,1/9/4/7/7/8/2/manychat-chatbot-build-a-fb-chatbot-messenger-marketing.jpg
facebookadvertising.jpg,1/1/7/5/5/2/6/facebookadvertising.jpg
how-to-optimise-your-facebook-instagram-ad-campaigns.jpg,7/6/1/4/4/8/how-to-optimise-your-facebook-instagram-ad-campaigns.jpg
how-to-double-your-adsense-income-from-a-wordpress-website.jpg,3/6/5/8/5/2/how-to-double-your-adsense-income-from-a-wordpress-website.jpg
mailchimp-email-marketing.jpg,5/7/3/9/9/4/mailchimp-email-marketing.jpg
how-the-online-advertising-industry-works.jpg,4/7/2/1/4/how-the-online-advertising-industry-works.jpg
complete-copywriting-masterclass-copywriters-checklist.jpg,2/0/7/3/3/5/2/complete-copywriting-masterclass-copywriters-checklist.jpg
eazl-twitter-ads-twitter-advertising-certification-course.jpg,1/5/3/1/8/1/6/eazl-twitter-ads-twitter-advertising-certification-course.jpg
bannerads.jpg,5/5/6/9/4/6/bannerads.jpg
bing-ads-ppc-advertising.jpg,1/8/6/5/3/0/0/bing-ads-ppc-advertising.jpg
optimize-your-airbnb.jpg,1/6/2/1/5/3/4/optimize-your-airbnb.jpg
arabic-adwords-advertising-diploma.jpg,7/5/2/4/3/8/arabic-adwords-advertising-diploma.jpg
new-facebook-instagram-bidding-and-auction-strategy-2016.jpg,7/4/7/8/0/0/new-facebook-instagram-bidding-and-auction-strategy-2016.jpg
list-building-21-tips-and-tricks-to-add-quality-subscribers.jpg,1/6/6/9/7/5/4/list-building-21-tips-and-tricks-to-add-quality-subscribers.jpg
the-complete-guide-to-paid-traffic-sources.jpg,8/9/5/9/3/2/the-complete-guide-to-paid-traffic-sources.jpg
how-to-create-adsense-arbitrage-site.jpg,2/0/2/2/8/7/4/how-to-create-adsense-arbitrage-site.jpg
super-easy-google-adsense-method-2016.jpg,1/0/2/4/7/3/4/super-easy-google-adsense-method-2016.jpg
facebook-ads-mastery-course-ft-the-triple-threat-strategy.jpg,2/1/4/9/0/5/4/facebook-ads-mastery-course-ft-the-triple-threat-strategy.jpg
affiliate-marketing-tips.jpg,1/3/4/5/5/8/4/affiliate-marketing-tips.jpg
fundamentals-and-advanced-strategies-of-affiliate-marketing.jpg,1/6/0/9/8/9/0/fundamentals-and-advanced-strategies-of-affiliate-marketing.jpg
affiliate-marketing-for-beginners-get-traffic-and-sales.jpg,1/6/1/7/6/0/4/affiliate-marketing-for-beginners-get-traffic-and-sales.jpg
amazon-affiliates-mastermind.jpg,1/4/5/7/7/9/8/amazon-affiliates-mastermind.jpg
sell-t-shirts-with-teespring-advanced.jpg,4/0/9/0/3/0/sell-t-shirts-with-teespring-advanced.jpg
how-to-earn-with-blogging-in-2020-live-step-by-step.jpg,2/7/9/1/6/8/8/how-to-earn-with-blogging-in-2020-live-step-by-step.jpg
step-by-step-affiliate-marketing-launch-jacking.jpg,1/6/6/3/6/4/0/step-by-step-affiliate-marketing-launch-jacking.jpg
youtube-success-affiliate-marketing-without-a-website.jpg,1/8/8/5/4/8/4/youtube-success-affiliate-marketing-without-a-website.jpg
the-complete-beginners-bootcamp-to-affiliate-marketing.jpg,8/7/5/4/1/0/the-complete-beginners-bootcamp-to-affiliate-marketing.jpg
7-figure-secrets-how-to-profit-from-internet-like-a-boss.jpg,2/5/4/5/8/5/3/7-figure-secrets-how-to-profit-from-internet-like-a-boss.jpg
affiliate-marketing-master-business-on-autopilot.jpg,4/0/6/7/6/8/affiliate-marketing-master-business-on-autopilot.jpg
listbuilding.jpg,4/2/2/0/7/2/listbuilding.jpg
classified-ads-income-the-case-study-of-my-affiliate-income.jpg,7/0/0/2/4/2/classified-ads-income-the-case-study-of-my-affiliate-income.jpg
amazon-affiliates-easily-create-your-own-amazon-estores-now.jpg,2/7/6/0/8/4/amazon-affiliates-easily-create-your-own-amazon-estores-now.jpg
blogging-passive-income-for-the-absolute-beginner.jpg,1/1/9/4/7/8/2/blogging-passive-income-for-the-absolute-beginner.jpg
the-ultimate-clickfunnels-super-affiliate-training.jpg,1/4/6/6/2/6/2/the-ultimate-clickfunnels-super-affiliate-training.jpg
simple-freelancing-profits-an-easy-50-or-more-per-hour.jpg,7/6/5/8/8/0/simple-freelancing-profits-an-easy-50-or-more-per-hour.jpg
cpa-and-affiliate-marketing-blueprint.jpg,6/3/1/1/2/4/cpa-and-affiliate-marketing-blueprint.jpg
the-beginners-guide-to-amazon-affiliate-marketing-profits.jpg,1/4/3/3/2/1/4/the-beginners-guide-to-amazon-affiliate-marketing-profits.jpg
clickbank-success-make-money-using-free-youtube-traffic.jpg,1/3/3/3/0/2/2/clickbank-success-make-money-using-free-youtube-traffic.jpg
mac-pages.jpg,8/6/8/1/7/6/mac-pages.jpg
learning-mac-keynote.jpg,8/1/9/9/2/0/learning-mac-keynote.jpg
imovie-course.jpg,7/9/6/3/2/2/imovie-course.jpg
keynote-animation-learn-to-build-an-intro-or-promo-video.jpg,1/0/3/0/3/0/8/keynote-animation-learn-to-build-an-intro-or-promo-video.jpg
apple-mac-osx-productivity-course-macdojo.jpg,5/8/9/9/8/8/apple-mac-osx-productivity-course-macdojo.jpg
siri-personal-assistant-in-your-pocket.jpg,4/5/0/4/7/8/siri-personal-assistant-in-your-pocket.jpg
mac-numbers.jpg,7/6/7/0/1/6/mac-numbers.jpg
apple-watch-the-ultimate-guide.jpg,5/6/5/3/5/6/apple-watch-the-ultimate-guide.jpg
simplify-your-digital-life.jpg,3/7/4/3/5/4/simplify-your-digital-life.jpg
learn-how-to-use-ios7-for-your-iphone-in-1-hour.jpg,9/4/6/0/6/learn-how-to-use-ios7-for-your-iphone-in-1-hour.jpg
mastering-your-iphone.jpg,3/6/8/4/8/mastering-your-iphone.jpg
how-to-create-an-awesome-animation-in-keynote.jpg,4/3/2/5/6/how-to-create-an-awesome-animation-in-keynote.jpg
master-your-iphone-and-be-10x-more-productive.jpg,1/6/4/9/7/8/master-your-iphone-and-be-10x-more-productive.jpg
mac-dojo-apple-productivity-tips-keyboard-shortcuts.jpg,3/2/6/3/8/mac-dojo-apple-productivity-tips-keyboard-shortcuts.jpg
apple-mac-os-the-complete-course.jpg,1/4/2/8/6/9/4/apple-mac-os-the-complete-course.jpg
getting-started-with-an-apple-computer-for-beginners.jpg,1/5/1/0/6/4/getting-started-with-an-apple-computer-for-beginners.jpg
professionalize-your-experience-with-your-mac.jpg,2/2/4/8/9/professionalize-your-experience-with-your-mac.jpg
master-screenflow-from-scratch.jpg,2/4/7/6/4/2/master-screenflow-from-scratch.jpg
learning-apple-mac-os-x-mountain-lion-108.jpg,2/9/5/3/1/learning-apple-mac-os-x-mountain-lion-108.jpg
mac-keyboard-shortcuts.jpg,2/2/6/7/1/8/mac-keyboard-shortcuts.jpg
etabs-v17-2019-beginner-to-advanced-dubai-tower-example.jpg,2/1/6/7/7/7/6/etabs-v17-2019-beginner-to-advanced-dubai-tower-example.jpg
post-production-for-architectural-visualization-in-photoshop.jpg,3/2/5/8/1/1/2/post-production-for-architectural-visualization-in-photoshop.jpg
understanding-climate.jpg,1/7/6/4/3/8/6/understanding-climate.jpg
acoustical-engineering.jpg,2/5/6/3/0/1/2/acoustical-engineering.jpg
learn-revit-from-scratch-with-a-practical-example.jpg,1/9/2/6/3/1/0/learn-revit-from-scratch-with-a-practical-example.jpg
exploring-autodesk-revit-for-architecture-and-bim-basic.jpg,2/7/0/8/2/9/6/exploring-autodesk-revit-for-architecture-and-bim-basic.jpg
test-your-autocad-drafting-by-being-an-architect-houses.jpg,1/3/0/8/1/4/0/test-your-autocad-drafting-by-being-an-architect-houses.jpg
using-revit-mass-to-speed-up-building-design-development.jpg,2/3/0/9/9/6/2/using-revit-mass-to-speed-up-building-design-development.jpg
intro-to-reading-architectural-drawings.jpg,2/9/8/5/2/6/6/intro-to-reading-architectural-drawings.jpg
photoshop-visualisation-for-architects.jpg,1/5/4/1/9/0/0/photoshop-visualisation-for-architects.jpg
autocad-practice-drawings-projects.jpg,1/6/9/1/7/6/2/autocad-practice-drawings-projects.jpg
structural-steel-design.jpg,1/1/2/4/9/4/2/structural-steel-design.jpg
learning-autodesk-revit-structure-2016.jpg,8/7/7/1/6/8/learning-autodesk-revit-structure-2016.jpg
tiny-house-design-part-1-codes-and-foundation-selection.jpg,5/9/3/6/1/8/tiny-house-design-part-1-codes-and-foundation-selection.jpg
autocad-dynamic-blocks.jpg,1/1/9/9/3/4/8/autocad-dynamic-blocks.jpg
autodesk-structural-projects-structure-robot-steel.jpg,2/5/0/3/5/5/0/autodesk-structural-projects-structure-robot-steel.jpg
-integrative-process.jpg,1/7/7/8/0/3/8/-integrative-process.jpg
learn-3ds-max-modeling-the-mediatech.jpg,1/6/3/4/5/5/4/learn-3ds-max-modeling-the-mediatech.jpg
sustainable-thinking-for-green-buildings.jpg,1/7/6/0/8/2/8/sustainable-thinking-for-green-buildings.jpg
learning-autodesk-autocad-2016.jpg,8/4/5/0/5/4/learning-autodesk-autocad-2016.jpg
paint-quick-fun-greeting-cards-christmas-more-occasions.jpg,1/4/1/6/3/5/2/paint-quick-fun-greeting-cards-christmas-more-occasions.jpg
how-to-paint-french-macarons-in-watercolor-step-by-step.jpg,1/5/9/2/1/6/2/how-to-paint-french-macarons-in-watercolor-step-by-step.jpg
how-to-add-light-to-your-landscape-painting.jpg,1/4/1/5/9/4/2/how-to-add-light-to-your-landscape-painting.jpg
painting-snowy-mountains-in-watercolour.jpg,1/2/2/0/5/5/2/painting-snowy-mountains-in-watercolour.jpg
alcohol-ink-and-resin-jewelry-skinny-silicon-molds.jpg,1/6/3/1/1/3/2/alcohol-ink-and-resin-jewelry-skinny-silicon-molds.jpg
needle-felting-essentials.jpg,8/7/6/2/6/6/needle-felting-essentials.jpg
impressionism-paint-this-autumn-painting-in-oil-or-acrylic.jpg,4/2/7/0/2/0/impressionism-paint-this-autumn-painting-in-oil-or-acrylic.jpg
abstract-art-project-fantasy-garden.jpg,1/5/1/7/6/7/8/abstract-art-project-fantasy-garden.jpg
art-school-for-kids.jpg,1/4/5/6/4/6/art-school-for-kids.jpg
how-to-sew-and-bind-a-baby-quilt.jpg,1/7/0/9/1/6/2/how-to-sew-and-bind-a-baby-quilt.jpg
sumie-bamboo-for-beginners.jpg,1/4/6/7/3/7/6/sumie-bamboo-for-beginners.jpg
color-theory-and-exercises.jpg,1/7/7/4/8/1/8/color-theory-and-exercises.jpg
build-your-own-fabric-printing-table.jpg,1/5/9/1/2/2/0/build-your-own-fabric-printing-table.jpg
expressive-drawing-for-beginners.jpg,1/4/9/5/1/6/6/expressive-drawing-for-beginners.jpg
how-to-draw-dynamic-comic-book-superheroes-start-to-finish.jpg,1/3/4/4/5/0/2/how-to-draw-dynamic-comic-book-superheroes-start-to-finish.jpg
intro-to-indigo.jpg,1/5/9/9/5/0/8/intro-to-indigo.jpg
how-to-write-poetry-the-ultimate-guide.jpg,1/2/5/4/6/5/0/how-to-write-poetry-the-ultimate-guide.jpg
advanced-soap-decorating-1.jpg,1/7/6/8/2/8/advanced-soap-decorating-1.jpg
chalk-pastels-for-beginner-a-winter-and-summer-landscape.jpg,1/0/1/6/3/3/0/chalk-pastels-for-beginner-a-winter-and-summer-landscape.jpg
paint-colourful-poppies-in-a-loose-wet-style-effortlessly.jpg,9/2/6/1/7/4/paint-colourful-poppies-in-a-loose-wet-style-effortlessly.jpg
classic-contemporary-chignon-hairstyle-tutorials.jpg,1/8/5/4/9/3/4/classic-contemporary-chignon-hairstyle-tutorials.jpg
how-to-facial-cupping-2.jpg,1/7/4/9/5/1/0/how-to-facial-cupping-2.jpg
grooming-and-designing-the-perfect-eyebrows.jpg,1/9/5/3/9/7/0/grooming-and-designing-the-perfect-eyebrows.jpg
expert-nail-technician-course-become-a-superstar-nail-tech.jpg,1/5/1/0/0/5/6/expert-nail-technician-course-become-a-superstar-nail-tech.jpg
makeup-masterclass.jpg,1/6/4/0/6/1/8/makeup-masterclass.jpg
la-creative-mastered-makeup-online-course.jpg,1/4/1/1/1/4/8/la-creative-mastered-makeup-online-course.jpg
natural-beauty-how-to-make-lotionscreams-and-body-butters.jpg,1/4/6/5/1/7/0/natural-beauty-how-to-make-lotionscreams-and-body-butters.jpg
three-intermediate-half-up-updo-hairstyles-wedding-or-prom.jpg,1/8/3/9/0/5/4/three-intermediate-half-up-updo-hairstyles-wedding-or-prom.jpg
apply-makeup-like-a-pro.jpg,5/5/5/9/7/apply-makeup-like-a-pro.jpg
creating-a-bald-cap-a-masterclass-with-shannon-mckean.jpg,2/3/7/8/9/2/0/creating-a-bald-cap-a-masterclass-with-shannon-mckean.jpg
the-art-of-great-wedding-makeup-and-hair.jpg,1/3/2/4/0/8/2/the-art-of-great-wedding-makeup-and-hair.jpg
nail-art-mix-design.jpg,1/8/8/9/3/2/2/nail-art-mix-design.jpg
effortless-anti-ageing-skincare.jpg,5/3/5/2/8/4/effortless-anti-ageing-skincare.jpg
beautybiz-basics.jpg,2/7/2/3/1/0/beautybiz-basics.jpg
hair-up-with-celebrity-hairdresser-charlotte-murray.jpg,9/4/7/1/2/8/hair-up-with-celebrity-hairdresser-charlotte-murray.jpg
fabulous-character-painting-on-nails.jpg,2/0/6/5/8/6/9/fabulous-character-painting-on-nails.jpg
lvl-lash-lift-full-tutorial.jpg,2/4/9/6/6/8/0/lvl-lash-lift-full-tutorial.jpg
how-to-tattoo.jpg,2/3/8/8/7/3/2/how-to-tattoo.jpg
yoga-facial-exercises.jpg,2/8/4/9/0/yoga-facial-exercises.jpg
elevate-your-updo.jpg,1/5/3/9/1/8/elevate-your-updo.jpg
instagram-and-personal-branding.jpg,2/3/6/8/5/1/2/instagram-and-personal-branding.jpg
personal-branding-master-course-become-the-go-to-person.jpg,2/1/7/2/9/7/6/personal-branding-master-course-become-the-go-to-person.jpg
brand-visibility.jpg,3/3/2/5/0/brand-visibility.jpg
author-school-visits-101.jpg,2/5/5/9/1/2/2/author-school-visits-101.jpg
business-branding-toolkit.jpg,1/6/5/3/6/0/8/business-branding-toolkit.jpg
instagram-growth-masterclass.jpg,1/7/1/1/5/3/2/instagram-growth-masterclass.jpg
how-to-create-a-profitable-blog.jpg,1/3/6/2/7/9/4/how-to-create-a-profitable-blog.jpg
youtubeuniversity.jpg,2/7/0/2/6/4/2/youtubeuniversity.jpg
grand-brand.jpg,6/8/6/1/2/4/grand-brand.jpg
brand-new-seven-ways-to-brand-market-sell-you-today.jpg,5/9/3/4/1/0/brand-new-seven-ways-to-brand-market-sell-you-today.jpg
becoming-an-instagram-influencer.jpg,2/1/7/3/4/8/6/becoming-an-instagram-influencer.jpg
the-art-of-storytelling-for-brands.jpg,1/5/4/2/3/8/4/the-art-of-storytelling-for-brands.jpg
debbie-millman-on-branding-for-social-change.jpg,1/7/9/6/3/0/6/debbie-millman-on-branding-for-social-change.jpg
how-to-create-a-sold-out-event.jpg,2/4/3/3/0/4/2/how-to-create-a-sold-out-event.jpg
create-a-profitable-authority-blog.jpg,1/6/1/7/8/7/6/create-a-profitable-authority-blog.jpg
how-to-make-more-dollor-from-youtube-2017.jpg,1/0/8/2/3/3/4/how-to-make-more-dollor-from-youtube-2017.jpg
create-a-memorable-brand-name-for-your-business-or-brand.jpg,3/2/1/5/6/2/5/create-a-memorable-brand-name-for-your-business-or-brand.jpg
branding101.jpg,1/3/3/3/4/0/0/branding101.jpg
animationselling.jpg,1/4/6/8/1/5/4/animationselling.jpg
brand-campfire-storytelling.jpg,2/9/9/7/1/0/brand-campfire-storytelling.jpg
r-shiny-web-apps-data-visualization.jpg,1/0/1/9/0/0/8/r-shiny-web-apps-data-visualization.jpg
learning-path-elasticsearch-and-angularjs-intraweb-search.jpg,1/2/2/6/1/4/4/learning-path-elasticsearch-and-angularjs-intraweb-search.jpg
machine-learning-in-healthcare-no-coding-required.jpg,1/6/4/7/0/8/0/machine-learning-in-healthcare-no-coding-required.jpg
identify-theft.jpg,1/2/2/6/7/2/6/identify-theft.jpg
a-flying-introduction-to-amazon-web-services-cloud.jpg,7/7/6/2/9/6/a-flying-introduction-to-amazon-web-services-cloud.jpg
optimizing-travelling-salesman-and-vehicle-routing-problems.jpg,1/6/2/9/5/1/6/optimizing-travelling-salesman-and-vehicle-routing-problems.jpg
problem-solving-tools-techniques-methods.jpg,6/2/9/1/6/2/problem-solving-tools-techniques-methods.jpg
sql-server-2016-maintenance-automation.jpg,1/2/9/1/9/4/8/sql-server-2016-maintenance-automation.jpg
ultimate-step-by-step-survey-creation-guide-for-all-levels.jpg,1/3/4/7/0/4/0/ultimate-step-by-step-survey-creation-guide-for-all-levels.jpg
web-analytics-conversion-strategy.jpg,9/5/3/6/1/4/web-analytics-conversion-strategy.jpg
machine-learning-and-bigdata-analysis-with-apache-spark-python-pyspark.jpg,1/5/4/8/2/5/0/machine-learning-and-bigdata-analysis-with-apache-spark-python-pyspark.jpg
business-intelligence-with-microsoft-power-bi.jpg,1/4/5/6/9/0/4/business-intelligence-with-microsoft-power-bi.jpg
intro-to-trifacta-and-data-cleaning.jpg,1/3/0/9/9/4/0/intro-to-trifacta-and-data-cleaning.jpg
pivottable-master-in-less-than-1-hour.jpg,7/1/4/2/0/6/pivottable-master-in-less-than-1-hour.jpg
advanced-mysql-queries.jpg,1/3/1/3/2/3/8/advanced-mysql-queries.jpg
sql-for-marketing-analysis.jpg,9/1/5/5/1/2/sql-for-marketing-analysis.jpg
power-bi-query-editor-how-to-become-a-data-cleansing-star.jpg,1/1/5/8/0/7/4/power-bi-query-editor-how-to-become-a-data-cleansing-star.jpg
office_365_excel.jpg,1/4/3/4/7/3/4/office_365_excel.jpg
psychometrics.jpg,1/3/9/3/8/9/8/psychometrics.jpg
colordata.jpg,1/1/2/3/1/9/8/colordata.jpg
learn-how-to-write-a-contract.jpg,3/2/2/6/8/1/7/learn-how-to-write-a-contract.jpg
how-do-i-fight-a-dui-charge-attorneys-and-lawyers-in-canada.jpg,4/9/5/4/9/0/how-do-i-fight-a-dui-charge-attorneys-and-lawyers-in-canada.jpg
eu-gdpr-data-protection-employee-awareness.jpg,1/3/0/4/1/0/0/eu-gdpr-data-protection-employee-awareness.jpg
how-to-read-and-understand-a-liability-insurance-policy.jpg,1/4/2/0/7/7/4/how-to-read-and-understand-a-liability-insurance-policy.jpg
a-primer-on-contracts-reading-risks-and-rewards.jpg,1/3/2/3/4/3/0/a-primer-on-contracts-reading-risks-and-rewards.jpg
how-to-patent-your-invention-or-technology-for-success.jpg,7/4/9/2/2/4/how-to-patent-your-invention-or-technology-for-success.jpg
gdpr-awareness-accredited-level-2-certificate.jpg,2/3/5/8/2/2/0/gdpr-awareness-accredited-level-2-certificate.jpg
winning-with-contracts.jpg,8/7/3/4/8/2/winning-with-contracts.jpg
contract-law.jpg,4/4/4/0/1/2/contract-law.jpg
how-to-draft-privacy-policy-terms-of-use-for-your-website.jpg,8/6/3/8/4/2/how-to-draft-privacy-policy-terms-of-use-for-your-website.jpg
contract-law-formation-of-contracts.jpg,3/3/2/4/3/3/8/contract-law-formation-of-contracts.jpg
income-tax-for-beginners-income-from-capital-gain.jpg,1/9/3/1/3/1/2/income-tax-for-beginners-income-from-capital-gain.jpg
learn-sarbanes-oxley-sox-from-a-cfo.jpg,1/6/7/9/3/0/4/learn-sarbanes-oxley-sox-from-a-cfo.jpg
legal-guides-for-creatives-understanding-contracts.jpg,3/0/5/7/0/1/0/legal-guides-for-creatives-understanding-contracts.jpg
startup-small-business-law-business-registration.jpg,4/7/8/5/8/0/startup-small-business-law-business-registration.jpg
certified-expert-in-corporate-liability-insurancecompliance.jpg,1/5/1/2/0/2/2/certified-expert-in-corporate-liability-insurancecompliance.jpg
how-to-choose-the-right-entity.jpg,9/0/2/6/8/0/how-to-choose-the-right-entity.jpg
the-statement-investigation-of-third-party-l-insurance.jpg,1/4/2/0/7/6/4/the-statement-investigation-of-third-party-l-insurance.jpg
copyright-myths-for-creative-people.jpg,4/8/0/1/7/0/copyright-myths-for-creative-people.jpg
protect-yourself-from-lawsuits.jpg,3/5/1/9/3/5/8/protect-yourself-from-lawsuits.jpg
my-business-model-for-small-digital-marketing-home-business.jpg,1/9/1/2/9/6/0/my-business-model-for-small-digital-marketing-home-business.jpg
rpassafteyintro.jpg,2/1/7/0/2/3/2/rpassafteyintro.jpg
digital-strategy-timeless-principles-of-software-strategy.jpg,1/9/0/8/9/9/4/digital-strategy-timeless-principles-of-software-strategy.jpg
diy-business-strategy.jpg,1/7/4/8/6/7/6/diy-business-strategy.jpg
leadership-inside-the-mind-of-winston-churchill.jpg,5/0/6/9/1/8/leadership-inside-the-mind-of-winston-churchill.jpg
strategy-for-management-consultants-business-analysts.jpg,1/6/4/7/0/4/6/strategy-for-management-consultants-business-analysts.jpg
fundamentals-of-life-cycle-assessment-lca.jpg,1/4/2/7/0/1/6/fundamentals-of-life-cycle-assessment-lca.jpg
blockchain-for-business-a-new-hands-on-approach.jpg,2/0/0/6/9/7/2/blockchain-for-business-a-new-hands-on-approach.jpg
mba-strategy-how-to-succeed.jpg,1/6/8/4/0/1/0/mba-strategy-how-to-succeed.jpg
business-growth-marketing-strategy-strong-differentiation.jpg,1/9/2/9/4/1/0/business-growth-marketing-strategy-strong-differentiation.jpg
strategy-business-game.jpg,1/2/2/6/8/3/0/strategy-business-game.jpg
start-and-run-successful-consulting-business.jpg,9/3/4/6/1/6/start-and-run-successful-consulting-business.jpg
strategic-goal-setting-analysis-and-business-planning.jpg,1/4/6/3/6/9/8/strategic-goal-setting-analysis-and-business-planning.jpg
fundraisingwithaplan.jpg,6/4/8/0/2/0/fundraisingwithaplan.jpg
a-masterclass-on-how-to-build-a-winning-business-strategy.jpg,2/1/7/8/4/3/4/a-masterclass-on-how-to-build-a-winning-business-strategy.jpg
business-analysis-103.jpg,1/3/3/2/0/5/6/business-analysis-103.jpg
pokemon-go-explode-your-business.jpg,9/1/6/3/4/6/pokemon-go-explode-your-business.jpg
business-hacks-tactics-and-tricks-practical-guide.jpg,1/0/2/5/5/6/4/business-hacks-tactics-and-tricks-practical-guide.jpg
advanced-business-development.jpg,1/8/6/0/1/2/2/advanced-business-development.jpg
outsource-activation-program.jpg,1/4/5/0/3/6/6/outsource-activation-program.jpg
breakintoit.jpg,2/3/8/7/2/breakintoit.jpg
the-happenista-project-step-3.jpg,9/0/2/1/8/0/the-happenista-project-step-3.jpg
electronics-engineering-technology-fundamentals.jpg,6/2/0/8/6/electronics-engineering-technology-fundamentals.jpg
detectives-secret-guide-on-how-to-tell-if-someone-is-lying.jpg,9/6/4/2/6/2/detectives-secret-guide-on-how-to-tell-if-someone-is-lying.jpg
triple-your-job-interviews.jpg,3/6/9/1/6/0/triple-your-job-interviews.jpg
how-to-prepare-for-an-interview-job-interview-tips-guide.jpg,5/5/9/2/1/0/how-to-prepare-for-an-interview-job-interview-tips-guide.jpg
cmm-discover-brand-you.jpg,2/4/5/8/7/cmm-discover-brand-you.jpg
resumebranding1.jpg,1/1/9/7/8/3/6/resumebranding1.jpg
strategic-time-management.jpg,8/3/4/3/1/2/strategic-time-management.jpg
discover-your-formula-for-success.jpg,4/7/6/3/1/discover-your-formula-for-success.jpg
your-job-search.jpg,4/8/4/2/4/your-job-search.jpg
basics-for-first-job-interview.jpg,1/7/3/9/0/2/6/basics-for-first-job-interview.jpg
choose-a-career.jpg,1/4/3/5/7/3/2/choose-a-career.jpg
maintain-the-attention-of-any-audience.jpg,1/3/2/9/7/6/4/maintain-the-attention-of-any-audience.jpg
proven-strategies-for-how-to-wow-in-your-new-job.jpg,1/2/0/9/8/8/0/proven-strategies-for-how-to-wow-in-your-new-job.jpg
hs-to-harvard-grad-get-paid-what-youre-worth.jpg,1/3/1/4/6/8/0/hs-to-harvard-grad-get-paid-what-youre-worth.jpg
create-the-perfect-cv.jpg,1/4/3/7/6/2/6/create-the-perfect-cv.jpg
electronics-week-01.jpg,3/0/2/0/3/electronics-week-01.jpg
art-of-asking-questions-for-students.jpg,1/4/3/7/6/7/4/art-of-asking-questions-for-students.jpg
communication-essentials.jpg,1/6/4/9/9/0/8/communication-essentials.jpg
photoshop-compositing-how-to-match-subject-with-background.jpg,2/2/9/8/2/0/8/photoshop-compositing-how-to-match-subject-with-background.jpg
learn-how-to-become-a-full-time-wedding-photographer.jpg,1/3/4/4/3/9/0/learn-how-to-become-a-full-time-wedding-photographer.jpg
foxyhipster.jpg,3/0/9/3/5/0/foxyhipster.jpg
aerial-videography-an-introductory-course.jpg,3/0/7/5/6/4/0/aerial-videography-an-introductory-course.jpg
mastering-architectural-night-hdr-photography.jpg,1/4/7/2/6/8/0/mastering-architectural-night-hdr-photography.jpg
wedding-photography-album-sales-mastery.jpg,5/2/9/4/8/2/wedding-photography-album-sales-mastery.jpg
drone-real-estate-course.jpg,2/0/7/9/8/5/4/drone-real-estate-course.jpg
professional-jewelry-small-product-light-tent-photography.jpg,1/1/9/1/9/8/0/professional-jewelry-small-product-light-tent-photography.jpg
wedding-photography-how-to-attract-luxury-weddings.jpg,1/5/0/9/6/5/0/wedding-photography-how-to-attract-luxury-weddings.jpg
mastering-stock-photography-step-by-step-guideline.jpg,1/2/2/1/7/7/4/mastering-stock-photography-step-by-step-guideline.jpg
drone-photos-for-real-estate-sales.jpg,1/5/4/1/7/4/8/drone-photos-for-real-estate-sales.jpg
license-your-photos-online.jpg,9/7/6/1/4/6/license-your-photos-online.jpg
linkedin-for-photography-videography.jpg,2/7/8/2/1/3/6/linkedin-for-photography-videography.jpg
professional-photography-go-from-beginner-to-winner.jpg,5/0/1/2/6/8/professional-photography-go-from-beginner-to-winner.jpg
drone-photography-for-real-estate.jpg,1/4/2/2/3/8/2/drone-photography-for-real-estate.jpg
stock-photo-ninja-where-to-sell-your-photography.jpg,4/0/8/5/6/6/stock-photo-ninja-where-to-sell-your-photography.jpg
photographer.jpg,3/4/9/8/8/0/photographer.jpg
easy-proshow-gold-and-producer-80-slideshows-for-beginners.jpg,1/1/2/0/1/8/0/easy-proshow-gold-and-producer-80-slideshows-for-beginners.jpg
mastering-architecture-and-real-estate-photography.jpg,1/4/2/4/9/0/mastering-architecture-and-real-estate-photography.jpg
home-interior-photography-with-minimum-equipment.jpg,3/3/8/2/6/0/2/home-interior-photography-with-minimum-equipment.jpg
building-trusted-relationships-in-business.jpg,1/4/9/2/7/0/4/building-trusted-relationships-in-business.jpg
elevate-your-public-speaking.jpg,1/4/6/2/0/7/8/elevate-your-public-speaking.jpg
how-to-write-non-fiction.jpg,1/2/4/9/8/6/0/how-to-write-non-fiction.jpg
learn-business-dress-code.jpg,1/0/7/4/6/9/6/learn-business-dress-code.jpg
management-communication.jpg,6/7/9/7/4/0/management-communication.jpg
the-art-of-negotiation-become-a-master-negotiator.jpg,1/1/5/7/5/1/4/the-art-of-negotiation-become-a-master-negotiator.jpg
digital-social-media-customer-service-certificate-course.jpg,1/4/3/4/7/0/2/digital-social-media-customer-service-certificate-course.jpg
validate.jpg,7/3/4/7/0/8/validate.jpg
wcbc-module-1-how-to-be-a-great-coach-to-others.jpg,9/5/9/3/4/2/wcbc-module-1-how-to-be-a-great-coach-to-others.jpg
collaboration-and-emotional-intelligence.jpg,1/3/5/3/9/3/6/collaboration-and-emotional-intelligence.jpg
email-etiquette-marketing-formula-for-better-sales-and-communication.jpg,1/4/1/1/8/0/0/email-etiquette-marketing-formula-for-better-sales-and-communication.jpg
business-writing-get-results-no-stress.jpg,9/5/5/8/6/0/business-writing-get-results-no-stress.jpg
writing-stripped-to-the-bone-revolutionize-your-message.jpg,9/9/8/5/9/0/writing-stripped-to-the-bone-revolutionize-your-message.jpg
business-email-writing-for-freelancers-and-entrepreneurs.jpg,9/6/8/3/1/0/business-email-writing-for-freelancers-and-entrepreneurs.jpg
powerful-business-writing-easily.jpg,6/2/8/0/2/4/powerful-business-writing-easily.jpg
reader-friendly-business-writing.jpg,6/5/9/3/1/6/reader-friendly-business-writing.jpg
networking-growth-hacks-take-your-career-to-the-next-level.jpg,9/9/4/4/2/6/networking-growth-hacks-take-your-career-to-the-next-level.jpg
live-streaming-hosting-your-own-talk-show.jpg,9/1/4/6/2/0/live-streaming-hosting-your-own-talk-show.jpg
worksuccess.jpg,1/3/3/8/6/3/4/worksuccess.jpg
how-to-make-a-great-first-impression.jpg,5/7/2/3/5/0/how-to-make-a-great-first-impression.jpg
practical-approach-to-corporate-compliance.jpg,2/9/5/7/5/6/8/practical-approach-to-corporate-compliance.jpg
anti-money-laundering-politically-exposed-persons.jpg,3/0/6/0/5/2/8/anti-money-laundering-politically-exposed-persons.jpg
certified-regulatory-compliance-manager-practice-exams.jpg,2/1/9/7/6/0/2/certified-regulatory-compliance-manager-practice-exams.jpg
ckyca-test-part-1-certified-kyc-associate.jpg,3/5/0/2/1/5/4/ckyca-test-part-1-certified-kyc-associate.jpg
risk-management-independence.jpg,3/1/8/9/9/5/6/risk-management-independence.jpg
robotics-process-automation-rpa-and-internal-audit.jpg,3/0/9/7/5/6/8/robotics-process-automation-rpa-and-internal-audit.jpg
cgsschap4512100.jpg,3/2/8/0/3/2/6/cgsschap4512100.jpg
auditing-assurance-2020-2021.jpg,3/6/3/4/0/4/8/auditing-assurance-2020-2021.jpg
blockchain-cryptocurrency-financial-crime-compliance.jpg,3/4/6/3/7/9/0/blockchain-cryptocurrency-financial-crime-compliance.jpg
how-to-profit-by-preventing-healthcare-fraud.jpg,3/5/9/0/8/2/how-to-profit-by-preventing-healthcare-fraud.jpg
anti-money-laundering-counter-terrorism-explained.jpg,2/6/0/5/4/2/0/anti-money-laundering-counter-terrorism-explained.jpg
camschap2.jpg,3/0/4/5/0/2/6/camschap2.jpg
anti-money-laundering-and-combating-terrorism-financing.jpg,1/2/6/5/6/4/6/anti-money-laundering-and-combating-terrorism-financing.jpg
2020-part2-cia.jpg,2/8/4/4/8/1/6/2020-part2-cia.jpg
2020-part3-cia.jpg,2/8/4/4/8/2/0/2020-part3-cia.jpg
detect-and-prevent-employee-fraud.jpg,1/3/2/2/6/0/6/detect-and-prevent-employee-fraud.jpg
trade-based-anti-money-laundering-aml-framework.jpg,3/3/0/8/6/1/2/trade-based-anti-money-laundering-aml-framework.jpg
coso-2013-control-environment-compliance.jpg,1/3/1/5/2/9/0/coso-2013-control-environment-compliance.jpg
coso-2013-requirements-and-implementation-overview.jpg,1/3/1/5/0/3/6/coso-2013-requirements-and-implementation-overview.jpg
fundamentals-of-audit.jpg,2/2/8/4/9/2/5/fundamentals-of-audit.jpg
mad-blog.jpg,1/2/6/5/9/2/mad-blog.jpg
content-marketing-strategy-for-adventurous-brands.jpg,6/5/7/9/8/4/content-marketing-strategy-for-adventurous-brands.jpg
youtube-gaming.jpg,7/9/2/0/7/4/youtube-gaming.jpg
a-lifestylefashion-enthusiasts-guide-to-blogging-by-mimi-g.jpg,6/1/7/7/9/6/a-lifestylefashion-enthusiasts-guide-to-blogging-by-mimi-g.jpg
thenarrativestoryselling.jpg,9/4/4/5/0/2/thenarrativestoryselling.jpg
email-marketing-profits-generate-revenue-from-your-list.jpg,5/5/0/8/5/4/email-marketing-profits-generate-revenue-from-your-list.jpg
10-copywriting-hacks-that-work-in-2016.jpg,7/7/0/9/2/0/10-copywriting-hacks-that-work-in-2016.jpg
create-free-webpages-with-google-sites-basics.jpg,4/9/3/5/3/create-free-webpages-with-google-sites-basics.jpg
podcast-sponsorships.jpg,5/8/7/6/2/6/podcast-sponsorships.jpg
story-marketing-how-to-have-fun-marketing-your-fiction-book.jpg,9/9/6/3/0/6/story-marketing-how-to-have-fun-marketing-your-fiction-book.jpg
writing-tools-hacks.jpg,1/3/3/1/6/6/1/writing-tools-hacks.jpg
business-coaching-part-5-content-marketing.jpg,9/4/8/5/5/2/business-coaching-part-5-content-marketing.jpg
viral-marketing-how-to-create-sticky-content-viral-ideas-made-to-stick.jpg,6/8/0/8/5/0/viral-marketing-how-to-create-sticky-content-viral-ideas-made-to-stick.jpg
the-podcast-blueprint.jpg,1/6/8/3/0/8/the-podcast-blueprint.jpg
professional-blog-writer-no-degree-required.jpg,5/2/8/6/6/2/professional-blog-writer-no-degree-required.jpg
content-writing-mastery-1.jpg,1/3/5/3/3/7/8/content-writing-mastery-1.jpg
learn-content-inventory-and-content-audit.jpg,1/0/1/9/6/4/0/learn-content-inventory-and-content-audit.jpg
viral-quiz-marketing-easily-create-online-quizzes-that-sell.jpg,9/1/5/6/0/4/viral-quiz-marketing-easily-create-online-quizzes-that-sell.jpg
freelance-copywriting-5-secrets-of-successful-copywriter.jpg,1/3/7/7/9/1/4/freelance-copywriting-5-secrets-of-successful-copywriter.jpg
guest-blogging-blueprint.jpg,4/9/0/2/1/guest-blogging-blueprint.jpg
novel-writing-dialogue-beginnings-and-endings.jpg,7/8/3/5/5/2/novel-writing-dialogue-beginnings-and-endings.jpg
creative-alcohol-ink-dragonfly-painting-steps-dots-and-fun.jpg,8/8/0/0/4/8/creative-alcohol-ink-dragonfly-painting-steps-dots-and-fun.jpg
novel-writing-conflict-suspense-and-mystery.jpg,7/8/3/4/6/0/novel-writing-conflict-suspense-and-mystery.jpg
writeabook.jpg,3/0/2/4/7/0/writeabook.jpg
craft-compelling-characters-novel-or-screenplay.jpg,1/0/5/5/0/4/4/craft-compelling-characters-novel-or-screenplay.jpg
art-and-colouring-for-adults.jpg,8/6/2/8/7/4/art-and-colouring-for-adults.jpg
animal-cloning-can-it-be-done-in-your-garage.jpg,4/1/2/8/1/0/animal-cloning-can-it-be-done-in-your-garage.jpg
how-to-outline-your-romance-novel.jpg,6/8/3/9/5/4/how-to-outline-your-romance-novel.jpg
beginners-guide-to-writing-mystery-fiction.jpg,8/2/2/2/8/2/beginners-guide-to-writing-mystery-fiction.jpg
realistic-pastel-drawing.jpg,1/0/6/7/2/8/8/realistic-pastel-drawing.jpg
idea-machine-rediscover-your-creativity.jpg,1/7/9/1/8/6/idea-machine-rediscover-your-creativity.jpg
scribble-online-creative-writing-character-development.jpg,4/5/6/7/4/6/scribble-online-creative-writing-character-development.jpg
change-transform-blocks-beliefs-resistance-with-neurography-cocaching.jpg,1/5/0/9/9/6/2/change-transform-blocks-beliefs-resistance-with-neurography-cocaching.jpg
collage-for-beginners-a-guitarist.jpg,6/9/0/0/4/0/collage-for-beginners-a-guitarist.jpg
novel-writing-viewpoint-voice-and-tense.jpg,7/8/3/4/9/2/novel-writing-viewpoint-voice-and-tense.jpg
novel-writing-get-published.jpg,7/8/3/6/2/6/novel-writing-get-published.jpg
the-business-of-screenwriting.jpg,7/8/9/8/8/4/the-business-of-screenwriting.jpg
the-creative-thinking-course-for-teachers.jpg,4/8/2/1/5/4/the-creative-thinking-course-for-teachers.jpg
collage-for-beginners-fruit.jpg,6/9/0/0/4/6/collage-for-beginners-fruit.jpg
sf-pro-study.jpg,1/3/4/2/0/1/2/sf-pro-study.jpg
the-complete-guide-to-start-mining-bitcoin-in-the-aws-cloud.jpg,1/4/0/5/1/2/0/the-complete-guide-to-start-mining-bitcoin-in-the-aws-cloud.jpg
cryptocurrencies.jpg,1/4/3/6/1/0/0/cryptocurrencies.jpg
ethereum-cryptocurrency-blockchain-solidity-ethereum-bitcoin-crypto.jpg,1/3/0/1/3/0/2/ethereum-cryptocurrency-blockchain-solidity-ethereum-bitcoin-crypto.jpg
the-2019-official-a-z-cryptocurrency-blockchain-masterclass.jpg,1/8/5/2/8/3/8/the-2019-official-a-z-cryptocurrency-blockchain-masterclass.jpg
cryptocurrency-trading-investment-bitcoin-ethereum-crypto.jpg,1/4/3/0/6/6/6/cryptocurrency-trading-investment-bitcoin-ethereum-crypto.jpg
bitcoin-ethereum-bundle.jpg,1/2/7/6/3/6/4/bitcoin-ethereum-bundle.jpg
cryptocurrency-mastery.jpg,1/5/9/6/3/0/2/cryptocurrency-mastery.jpg
how-to-invest-in-cryptocurrencies-and-altcoins-for-beginners.jpg,1/6/8/5/7/1/8/how-to-invest-in-cryptocurrencies-and-altcoins-for-beginners.jpg
cryptocurrency-investing-find-undervalued-altcoins.jpg,1/5/3/9/7/3/6/cryptocurrency-investing-find-undervalued-altcoins.jpg
bitcoin-the-complete-beginners-guide-for-investing.jpg,1/5/4/5/8/1/2/bitcoin-the-complete-beginners-guide-for-investing.jpg
how-to-trade-crypto-alt-seasons-to-maximize-freedom-and-wealth.jpg,1/7/9/3/1/1/8/how-to-trade-crypto-alt-seasons-to-maximize-freedom-and-wealth.jpg
montise-your-bitcoin.jpg,1/4/6/6/3/2/6/montise-your-bitcoin.jpg
learn-to-track-your-cryptocurrency-transactions-in-excel.jpg,1/6/6/5/1/9/4/learn-to-track-your-cryptocurrency-transactions-in-excel.jpg
cryptocurrency101.jpg,1/5/1/0/4/5/6/cryptocurrency101.jpg
blockchain-in-financial-services.jpg,1/8/7/7/1/7/2/blockchain-in-financial-services.jpg
ripple-coin-cryptocurrency.jpg,1/2/8/2/1/0/6/ripple-coin-cryptocurrency.jpg
bitcoin-the-future-of-money.jpg,1/2/5/8/8/1/2/bitcoin-the-future-of-money.jpg
blockchain-cryptocurrency.jpg,1/3/4/4/2/8/2/blockchain-cryptocurrency.jpg
litecoin-for-beginners.jpg,1/3/4/3/9/0/2/litecoin-for-beginners.jpg
crypto-investing-masterclass-investing-in-crypto-currency.jpg,3/2/0/5/6/6/9/crypto-investing-masterclass-investing-in-crypto-currency.jpg
how-to-street-dance-waving.jpg,4/7/2/6/4/0/how-to-street-dance-waving.jpg
taoofbreakdance.jpg,5/0/2/1/4/4/taoofbreakdance.jpg
bellydancebasics1.jpg,4/5/4/8/8/2/bellydancebasics1.jpg
wedding-dance-choreography-course-ed-sheeran-perfect.jpg,1/3/8/4/9/6/4/wedding-dance-choreography-course-ed-sheeran-perfect.jpg
work-that-skirt-ats-style-vol-2.jpg,2/3/5/1/6/9/2/work-that-skirt-ats-style-vol-2.jpg
how-to-bboy.jpg,2/5/0/1/1/8/how-to-bboy.jpg
howtodancefootwork.jpg,1/1/6/0/2/2/4/howtodancefootwork.jpg
social-dancing-crash-course-ballroom-dancing.jpg,9/7/9/8/0/8/social-dancing-crash-course-ballroom-dancing.jpg
full-beginner-breaking-b-boys-b-girls-course.jpg,1/8/2/9/4/8/4/full-beginner-breaking-b-boys-b-girls-course.jpg
dance-like-michael-jackson-with-dev-as-mj.jpg,1/4/4/8/5/2/2/dance-like-michael-jackson-with-dev-as-mj.jpg
west-african-dance-1.jpg,6/2/0/0/1/2/west-african-dance-1.jpg
bellydance.jpg,1/8/7/9/9/0/6/bellydance.jpg
street-dance-popping-style.jpg,1/2/6/4/5/5/8/street-dance-popping-style.jpg
elishevabellydancerintermediatecombinations.jpg,2/4/5/5/8/1/0/elishevabellydancerintermediatecombinations.jpg
breakdancing.jpg,3/7/5/2/8/4/breakdancing.jpg
laban-movement-studies-history-applications-and-frontiers.jpg,1/4/4/2/6/8/0/laban-movement-studies-history-applications-and-frontiers.jpg
bl101-conscious-dance.jpg,1/6/6/4/7/5/6/bl101-conscious-dance.jpg
learn-basics-of-chair-dance.jpg,2/3/6/7/2/5/8/learn-basics-of-chair-dance.jpg
old-school-hip-hop-for-beginners-from-a-professional.jpg,2/2/8/4/2/2/8/old-school-hip-hop-for-beginners-from-a-professional.jpg
learn-to-dance-the-rumba.jpg,2/2/8/2/6/0/2/learn-to-dance-the-rumba.jpg
datadrivenscience-machinelearning.jpg,1/3/3/9/4/5/6/datadrivenscience-machinelearning.jpg
machine-learning-training-neural-network-in-matlab.jpg,1/6/0/0/3/8/4/machine-learning-training-neural-network-in-matlab.jpg
taming-big-data-with-spark-streaming-hands-on.jpg,8/3/1/4/5/8/taming-big-data-with-spark-streaming-hands-on.jpg
reinforcement-learning-with-pytorch.jpg,1/6/7/8/7/3/8/reinforcement-learning-with-pytorch.jpg
real-time-streaming-using-apache-spark-streaming.jpg,1/2/9/0/1/9/8/real-time-streaming-using-apache-spark-streaming.jpg
scikit-learn-in-python-for-machine-learning-engineers.jpg,1/5/2/9/9/2/8/scikit-learn-in-python-for-machine-learning-engineers.jpg
data-science-with-jupyter-2-in-1.jpg,1/6/4/3/0/2/0/data-science-with-jupyter-2-in-1.jpg
learning-path-spark-data-science-with-apache-spark.jpg,1/4/1/8/3/4/8/learning-path-spark-data-science-with-apache-spark.jpg
neural-networks-from-scratch-in-java.jpg,7/1/4/9/7/8/neural-networks-from-scratch-in-java.jpg
r-complete-data-visualization-solutions.jpg,1/1/6/0/9/1/0/r-complete-data-visualization-solutions.jpg
learning-path-rmaster-data-analysis-visualization-with-r.jpg,1/3/1/2/7/5/2/learning-path-rmaster-data-analysis-visualization-with-r.jpg
deploy-data-science-nlp-models-with-docker-containers.jpg,1/7/1/3/6/8/8/deploy-data-science-nlp-models-with-docker-containers.jpg
customer-choice-modeling-with-r.jpg,7/6/0/5/0/customer-choice-modeling-with-r.jpg
data-visualization-with-python-the-complete-guide.jpg,1/6/2/8/9/8/2/data-visualization-with-python-the-complete-guide.jpg
predictive-analytics-with-r.jpg,6/9/8/8/3/6/predictive-analytics-with-r.jpg
using-ai-to-transform-search.jpg,1/3/1/2/6/3/0/using-ai-to-transform-search.jpg
sagemaker.jpg,1/6/6/3/0/3/4/sagemaker.jpg
practical-deep-learning-with-pytorch.jpg,1/2/5/9/5/4/6/practical-deep-learning-with-pytorch.jpg
supervised-and-unsupervised-learning-with-python.jpg,1/4/6/6/9/0/6/supervised-and-unsupervised-learning-with-python.jpg
pythonmachinelearning.jpg,1/6/2/2/3/3/4/pythonmachinelearning.jpg
advanced-database-design.jpg,1/5/1/5/5/0/6/advanced-database-design.jpg
microsoft-power-bi-online.jpg,1/2/9/1/5/5/6/microsoft-power-bi-online.jpg
docker-a-better-way-to-build-apps.jpg,1/3/8/2/9/6/6/docker-a-better-way-to-build-apps.jpg
unpacking-numpy-and-pandas.jpg,1/2/9/0/6/9/4/unpacking-numpy-and-pandas.jpg
learn-mongodb-from-scratch-absolute-beginners-introduction.jpg,1/3/4/6/0/5/6/learn-mongodb-from-scratch-absolute-beginners-introduction.jpg
mastering-tableau-10.jpg,1/0/0/1/7/3/8/mastering-tableau-10.jpg
sql-server-performance-tuning-part-2.jpg,1/4/4/6/8/6/6/sql-server-performance-tuning-part-2.jpg
complete-elasticsearch-masterclass-with-kibana-and-logstash.jpg,1/2/4/5/8/7/0/complete-elasticsearch-masterclass-with-kibana-and-logstash.jpg
sql-server-master-data-services-master-data-management.jpg,9/2/9/3/2/8/sql-server-master-data-services-master-data-management.jpg
mysql-db-for-beginners.jpg,4/3/8/5/5/2/mysql-db-for-beginners.jpg
hibernate-development-from-scratch.jpg,1/0/8/9/4/9/0/hibernate-development-from-scratch.jpg
diveintoansible.jpg,1/5/4/2/8/8/6/diveintoansible.jpg
complete-sql-bootcamp-using-postgresql-mysql-sql-server.jpg,1/3/0/4/8/5/2/complete-sql-bootcamp-using-postgresql-mysql-sql-server.jpg
learn-postgresql-for-beginners.jpg,1/5/1/2/7/7/2/learn-postgresql-for-beginners.jpg
learn-sql-from-scratch-x.jpg,8/3/4/8/3/8/learn-sql-from-scratch-x.jpg
building-apache-hbase-applications.jpg,8/1/0/2/9/6/building-apache-hbase-applications.jpg
learning-path-complete-roadway-to-informatica-powercenter-9.jpg,1/4/5/7/7/0/0/learning-path-complete-roadway-to-informatica-powercenter-9.jpg
developing-with-mongodb.jpg,1/2/3/1/6/1/2/developing-with-mongodb.jpg
learning-path-opencv-real-time-computer-vision-with-opencv.jpg,1/2/1/6/2/6/6/learning-path-opencv-real-time-computer-vision-with-opencv.jpg
informatica-power-center-p.jpg,1/6/0/5/8/5/4/informatica-power-center-p.jpg
autocad-lt-mechanical-101.jpg,3/9/8/6/8/8/autocad-lt-mechanical-101.jpg
the-beginners-guide-to-design-thinking.jpg,8/0/1/6/0/0/the-beginners-guide-to-design-thinking.jpg
design-for-humanity-a-new-perspective-on-user-experience.jpg,9/5/3/7/6/2/design-for-humanity-a-new-perspective-on-user-experience.jpg
learn-chemical-engineering-design-through-a-worked-solution.jpg,2/8/1/5/2/9/9/learn-chemical-engineering-design-through-a-worked-solution.jpg
create-a-sci-fi-landscape-illustration-using-pen-and-ink.jpg,8/1/9/6/2/0/create-a-sci-fi-landscape-illustration-using-pen-and-ink.jpg
technical-office-engineer-in-roads-section.jpg,2/7/4/1/0/3/2/technical-office-engineer-in-roads-section.jpg
develop-your-idea-design-thinking-bootcamp.jpg,1/4/3/6/7/1/4/develop-your-idea-design-thinking-bootcamp.jpg
design-thinking-by-example.jpg,3/4/0/0/4/9/0/design-thinking-by-example.jpg
startdrawing.jpg,2/5/7/4/2/0/2/startdrawing.jpg
introduction-to-lighting-sources.jpg,1/1/9/9/8/8/6/introduction-to-lighting-sources.jpg
getting-design-right-part-3.jpg,3/2/2/9/7/5/7/getting-design-right-part-3.jpg
a-user-experience-approach-to-agile-scrum.jpg,2/1/6/0/5/9/2/a-user-experience-approach-to-agile-scrum.jpg
draw-the-ultimate-dragon-booster-pack.jpg,2/4/9/2/0/8/2/draw-the-ultimate-dragon-booster-pack.jpg
composition-fundamentals-for-visual-arts-and-design.jpg,3/3/5/7/0/8/8/composition-fundamentals-for-visual-arts-and-design.jpg
design-thinking-masterclass.jpg,1/7/9/9/2/4/2/design-thinking-masterclass.jpg
how-to-draw-hair-for-beginners.jpg,3/2/7/3/7/5/4/how-to-draw-hair-for-beginners.jpg
adc-practical-circuit-design-and-simulation-tips.jpg,3/2/0/7/1/2/9/adc-practical-circuit-design-and-simulation-tips.jpg
vibration-analysis-for-mechanical-design-engineers.jpg,2/2/4/1/0/1/8/vibration-analysis-for-mechanical-design-engineers.jpg
an-introduction-to-design-thinking.jpg,3/4/2/1/5/9/6/an-introduction-to-design-thinking.jpg
how-to-do-ux-research-on-a-budget.jpg,2/5/4/4/2/2/1/how-to-do-ux-research-on-a-budget.jpg
test-of-intelligence-for-vlsi-beginners.jpg,1/6/5/6/4/6/8/test-of-intelligence-for-vlsi-beginners.jpg
photoshop-creative-techniques.jpg,8/6/2/3/0/8/photoshop-creative-techniques.jpg
retail-shop-lighting-design-using-dialux-evo.jpg,1/1/5/7/5/7/4/retail-shop-lighting-design-using-dialux-evo.jpg
concept-design-photoshop.jpg,8/4/9/3/8/2/concept-design-photoshop.jpg
solidworks-2016-advanced-drawing-training.jpg,8/9/3/9/9/2/solidworks-2016-advanced-drawing-training.jpg
dodgeburn.jpg,7/2/1/7/0/6/dodgeburn.jpg
digital-art-fundamentals-using-corel-painter.jpg,5/6/2/6/2/8/digital-art-fundamentals-using-corel-painter.jpg
visual-effects-in-after-effects.jpg,1/0/3/2/9/0/4/visual-effects-in-after-effects.jpg
color-harmony-and-retouching-in-photoshop.jpg,1/0/0/3/1/1/8/color-harmony-and-retouching-in-photoshop.jpg
mastering-shapes-adobe-photoshop-cc-10-projects.jpg,1/3/5/7/5/5/1/mastering-shapes-adobe-photoshop-cc-10-projects.jpg
revit-families.jpg,9/4/5/1/0/4/revit-families.jpg
notime-retouching.jpg,7/4/8/2/8/0/notime-retouching.jpg
creating-puzzle-pieces-with-illustrator-and-photoshop.jpg,1/1/8/0/9/8/creating-puzzle-pieces-with-illustrator-and-photoshop.jpg
portrait-editing.jpg,8/9/7/8/0/portrait-editing.jpg
web-social-media-graphics-canva-stencil.jpg,1/4/9/0/6/7/0/web-social-media-graphics-canva-stencil.jpg
pen-tool-pen-magnetic-pen-tool-illustrator-photoshop-tutorial.jpg,8/2/2/6/4/8/pen-tool-pen-magnetic-pen-tool-illustrator-photoshop-tutorial.jpg
academycourse.jpg,3/3/7/0/0/academycourse.jpg
learn-video-editing-in-blender.jpg,1/0/2/3/9/0/8/learn-video-editing-in-blender.jpg
gimp-made-easy.jpg,1/3/4/7/8/1/2/gimp-made-easy.jpg
adobe-photoshop-cc-2017-advance-course.jpg,1/1/7/0/0/0/8/adobe-photoshop-cc-2017-advance-course.jpg
hibernate-interview-questions-preparation-course.jpg,1/2/1/7/3/7/6/hibernate-interview-questions-preparation-course.jpg
angular-fundamentals.jpg,1/7/0/6/1/1/2/angular-fundamentals.jpg
docker-for-php-developers.jpg,1/1/4/8/8/3/4/docker-for-php-developers.jpg
hibernate-with-java.jpg,1/7/2/4/2/0/6/hibernate-with-java.jpg
ansiblequickstart.jpg,1/5/7/5/7/9/0/ansiblequickstart.jpg
intellij-idea-for-java-and-spring-developers.jpg,1/0/4/6/1/1/8/intellij-idea-for-java-and-spring-developers.jpg
salesforce-lightning-components-in-ides.jpg,9/2/1/1/4/8/salesforce-lightning-components-in-ides.jpg
appnimi-unity-ui.jpg,1/7/0/3/7/8/6/appnimi-unity-ui.jpg
docker-for-all.jpg,1/3/2/2/6/3/6/docker-for-all.jpg
alteryx-bootcamp.jpg,1/2/4/8/8/6/6/alteryx-bootcamp.jpg
docker-and-containers-the-essentials.jpg,9/1/4/4/4/6/docker-and-containers-the-essentials.jpg
continuous-deployments-using-spinnaker-on-aws-and-kubernetes.jpg,1/5/7/0/9/7/2/continuous-deployments-using-spinnaker-on-aws-and-kubernetes.jpg
mastering-core-image.jpg,1/1/9/7/1/5/0/mastering-core-image.jpg
devops-docker-complete-guide-hands-on-with-practical.jpg,1/3/2/2/2/9/4/devops-docker-complete-guide-hands-on-with-practical.jpg
master-tkinter-by-building-5-apps.jpg,1/5/6/2/0/0/8/master-tkinter-by-building-5-apps.jpg
learning-entity-framework-core.jpg,1/4/6/5/7/0/8/learning-entity-framework-core.jpg
introduction-to-docker-and-the-dca-certification.jpg,1/6/7/5/1/6/2/introduction-to-docker-and-the-dca-certification.jpg
sysdevlc.jpg,1/3/1/1/2/6/0/sysdevlc.jpg
devops-and-continuous-integration-with-jenkins-pipelines.jpg,1/3/1/5/2/6/2/devops-and-continuous-integration-with-jenkins-pipelines.jpg
apache-log4j-tutorial.jpg,9/9/9/8/2/2/apache-log4j-tutorial.jpg
